date,product_code,product,variant,sold_quantity,gross_price,gross_price_total
01-08-2021,A3521150703,AQ Trigger,Plus 1,380,31.7665,12071.27
01-08-2021,A2620150606,AQ Qwerty Ms,Premium 2,992,16.785,16650.72
01-08-2021,A7321160302,AQ Wi Power Dx3,Plus,193,43.9446,8481.31
01-08-2021,A4620110603,AQ Gen Y,Standard Red,31,366.0459,11347.42
01-08-2021,A0118150101,AQ Dracula HDD – 3.5 Inch SATA 6 Gb/s 5400 RPM 256 MB Cache,Standard,88,19.0573,1677.04
01-08-2021,A5519110303,AQ Gamer 3,Standard Black,11,604.2721,6646.99
01-08-2021,A7321160301,AQ Wi Power Dx3,Standard,459,40.7954,18725.09
01-08-2021,A2021150503,AQ MB Lito 2,Plus 2,35,45.4377,1590.32
01-08-2021,A0118150102,AQ Dracula HDD – 3.5 Inch SATA 6 Gb/s 5400 RPM 256 MB Cache,Plus,196,21.4565,4205.47
01-08-2021,A7220160203,AQ Wi Power Dx2,Premium,586,37.4784,21962.34
01-08-2021,A5519110302,AQ Gamer 3,Standard Cool Blue,10,605.8642,6058.64
01-08-2021,A3420150601,AQ Qwerty,Standard 1,414,24.569,10171.57
01-08-2021,A7220160202,AQ Wi Power Dx2,Plus,264,35.2053,9294.2
01-08-2021,A0118150103,AQ Dracula HDD – 3.5 Inch SATA 6 Gb/s 5400 RPM 256 MB Cache,Premium,50,21.7795,1088.98
01-08-2021,A7219160201,AQ Wi Power Dx2,Standard,531,32.9575,17500.43
01-08-2021,A7119160103,AQ Wi Power Dx1,Premium,137,28.7736,3941.98
01-08-2021,A0118150104,AQ Dracula HDD – 3.5 Inch SATA 6 Gb/s 5400 RPM 256 MB Cache,Premium Plus,29,22.9729,666.21
01-08-2021,A5519110301,AQ Gamer 3,Standard Firey Red,5,589.7411,2948.71
01-08-2021,A3920150305,AQ LION x3,Premium,53,27.4546,1455.09
01-08-2021,A7119160102,AQ Wi Power Dx1,Plus,454,29.9264,13586.59
01-08-2021,A4419110406,AQ Elite,Plus Red,23,287.5666,6614.03
01-08-2021,A0219150201,AQ WereWolf NAS Internal Hard Drive HDD – 8.89 cm,Standard,95,23.6987,2251.38
01-08-2021,A2620150605,AQ Qwerty Ms,Premium 1,603,16.5882,10002.68
01-08-2021,A7118160101,AQ Wi Power Dx1,Standard,251,29.6712,7447.47
01-08-2021,A6819160203,AQ Pen Drive DRC,Premium,436,5.0984,2222.9
01-08-2021,A6818160202,AQ Pen Drive DRC,Plus,1538,3.8531,5926.07
01-08-2021,A0219150202,AQ WereWolf NAS Internal Hard Drive HDD – 8.89 cm,Plus,117,24.7312,2893.55
01-08-2021,A5419110208,AQ Gamer 2,Premium Misty Green,10,608.407,6084.07
01-08-2021,A6818160201,AQ Pen Drive DRC,Standard,774,2.999,2321.23
01-08-2021,A2118150101,AQ Master wired x1 Ms,Standard 1,216,2.9434,635.77
01-08-2021,A0220150203,AQ WereWolf NAS Internal Hard Drive HDD – 8.89 cm,Premium,54,23.6154,1275.23
01-08-2021,A6720160103,AQ Pen Drive 2 IN 1,Premium,433,4.4411,1923
01-08-2021,A5419110207,AQ Gamer 2,Premium Black,8,599.2302,4793.84
01-08-2021,A6620160501,AQ Clx3,Standard,339,22.853,7747.17
01-08-2021,A6520160403,AQ Clx2,Premium,940,21.283,20006.02
01-08-2021,A4721110703,AQ GEN Z,Standard Red,32,361.6496,11572.79
01-08-2021,A0320150301,AQ Zion Saga,Standard,243,23.7223,5764.52
01-08-2021,A6520160402,AQ Clx2,Plus,110,20.165,2218.15
01-08-2021,A6519160401,AQ Clx2,Standard,778,20.2889,15784.76
01-08-2021,A0321150302,AQ Zion Saga,Plus,75,27.1027,2032.7
01-08-2021,A5419110206,AQ Gamer 2,Plus Black,4,601.6398,2406.56
01-08-2021,A6419160303,AQ Clx1,Premium,772,19.3342,14926
01-08-2021,A0321150303,AQ Zion Saga,Premium,151,28.0059,4228.89
01-08-2021,A6419160302,AQ Clx1,Plus,926,19.6723,18216.55
01-08-2021,A6419160301,AQ Clx1,Standard,572,17.8043,10184.06
01-08-2021,A0418150103,AQ Mforce Gen X,Standard 3,140,19.5235,2733.29
01-08-2021,A5419110205,AQ Gamer 2,Plus Cool Blue,12,570.7578,6849.09
01-08-2021,A3420150602,AQ Qwerty,Standard 2,583,23.9726,13976.03
01-08-2021,A6319160203,AQ Neuer SSD,Premium,449,19.3433,8685.14
01-08-2021,A2118150102,AQ Master wired x1 Ms,Standard 2,287,3.9998,1147.94
01-08-2021,A0418150104,AQ Mforce Gen X,Plus 1,166,19.9239,3307.37
01-08-2021,A6319160202,AQ Neuer SSD,Plus,574,18.5733,10661.07
01-08-2021,A5419110204,AQ Gamer 2,Plus Firey Red,14,602.92,8440.88
01-08-2021,A6319160201,AQ Neuer SSD,Standard,743,17.359,12897.74
01-08-2021,A6219160103,AQ Digit SSD,Premium,487,16.3003,7938.25
01-08-2021,A2620150604,AQ Qwerty Ms,Plus 2,772,16.5491,12775.91
01-08-2021,A0418150105,AQ Mforce Gen X,Plus 2,163,20.0766,3272.49
01-08-2021,A4021150404,AQ Mx NB,Plus 3,76,28.58,2172.08
01-08-2021,A6218160102,AQ Digit SSD,Plus,270,15.2481,4116.99
01-08-2021,A4720110702,AQ GEN Z,Standard Blue,26,371.4027,9656.47
01-08-2021,A0418150106,AQ Mforce Gen X,Plus 3,65,19.9365,1295.87
01-08-2021,A6218160101,AQ Digit SSD,Standard,886,13.5941,12044.37
01-08-2021,A5419110203,AQ Gamer 2,Standard Black,12,595.5711,7146.85
01-08-2021,A6120110206,AQ HOME Allin1 Gen 2,Plus 3,3,810.6034,2431.81
01-08-2021,A2419150403,AQ Lite Ms,Plus 1,584,10.8925,6361.22
01-08-2021,A0519150201,AQ Mforce Gen Y,Standard 1,187,22.3984,4188.5
01-08-2021,A4419110407,AQ Elite,Premium Black,9,287.4934,2587.44
01-08-2021,A6120110205,AQ HOME Allin1 Gen 2,Plus 2,1,834.9812,834.98
01-08-2021,A3819150205,AQ LION x2,Premium,54,21.6066,1166.76
01-08-2021,A6119110204,AQ HOME Allin1 Gen 2,Plus 1,5,807.2638,4036.32
01-08-2021,A2620150603,AQ Qwerty Ms,Plus 1,755,15.9792,12064.3
01-08-2021,A0519150202,AQ Mforce Gen Y,Standard 2,167,24.9298,4163.28
01-08-2021,A5419110202,AQ Gamer 2,Standard Cool Blue,6,567.9271,3407.56
01-08-2021,A4620110601,AQ Gen Y,Standard Grey,37,347.2474,12848.15
01-08-2021,A6119110203,AQ HOME Allin1 Gen 2,Standard 3,3,769.5635,2308.69
01-08-2021,A0519150203,AQ Mforce Gen Y,Standard 3,93,26.5871,2472.6
01-08-2021,A6119110202,AQ HOME Allin1 Gen 2,Standard 2,6,790.104,4740.62
01-08-2021,A5419110201,AQ Gamer 2,Standard Firey Red,4,585.0003,2340
01-08-2021,A6119110201,AQ HOME Allin1 Gen 2,Standard 1,5,824.0889,4120.44
01-08-2021,A6019110108,AQ Home Allin1,Premium 2,1,796.6606,796.66
01-08-2021,A2118150103,AQ Master wired x1 Ms,Plus 1,795,4.5295,3600.95
01-08-2021,A0519150204,AQ Mforce Gen Y,Plus 1,135,26.1081,3524.59
01-08-2021,A6019110107,AQ Home Allin1,Premium 1,3,785.9918,2357.98
01-08-2021,A0519150205,AQ Mforce Gen Y,Plus 2,82,29.7008,2435.47
01-08-2021,A6018110106,AQ Home Allin1,Plus 3,5,787.5874,3937.94
01-08-2021,A5318110108,AQ Gamer 1,Premium Misty Green,14,579.6609,8115.25
01-08-2021,A6018110105,AQ Home Allin1,Plus 2,6,766.6472,4599.88
01-08-2021,A3819150203,AQ LION x2,Plus 2,76,18.4533,1402.45
01-08-2021,A0519150206,AQ Mforce Gen Y,Plus 3,196,31.2439,6123.8
01-08-2021,A6018110104,AQ Home Allin1,Plus 1,4,749.0987,2996.39
01-08-2021,A3421150603,AQ Qwerty,Plus 1,620,26.9507,16709.43
01-08-2021,A6018110103,AQ Home Allin1,Standard 3,5,770.9789,3854.89
01-08-2021,A4419110408,AQ Elite,Premium Misty Green,9,297.0277,2673.25
01-08-2021,A0519150207,AQ Mforce Gen Y,Premium 1,105,32.4427,3406.48
01-08-2021,A5318110107,AQ Gamer 1,Premium Black,9,571.6489,5144.84
01-08-2021,A2319150303,AQ Gamers Ms,Plus 1,584,9.3977,5488.26
01-08-2021,A6018110102,AQ Home Allin1,Standard 2,5,764.0542,3820.27
01-08-2021,A2118150104,AQ Master wired x1 Ms,Plus 2,815,5.0459,4112.41
01-08-2021,A0519150208,AQ Mforce Gen Y,Premium 2,64,30.5816,1957.22
01-08-2021,A6018110101,AQ Home Allin1,Standard 1,3,800.4577,2401.37
01-08-2021,A5318110106,AQ Gamer 1,Plus Black,7,565.8747,3961.12
01-08-2021,A5821110108,AQ BZ Allin1,Premium 2,13,746.7388,9707.6
01-08-2021,A2620150602,AQ Qwerty Ms,Standard 2,139,15.8102,2197.62
01-08-2021,A0619150301,AQ Mforce Gen Z,Standard 1,52,30.4696,1584.42
01-08-2021,A5820110107,AQ BZ Allin1,Premium 1,16,737.6775,11802.84
01-08-2021,A5820110106,AQ BZ Allin1,Plus 3,21,692.5242,14543.01
01-08-2021,A4720110701,AQ GEN Z,Standard Grey,9,367.7335,3309.6
01-08-2021,A0619150302,AQ Mforce Gen Z,Standard 2,198,34.0973,6751.27
01-08-2021,A5820110105,AQ BZ Allin1,Plus 2,7,709.3926,4965.75
01-08-2021,A5318110105,AQ Gamer 1,Plus Cool Blue,10,551.3303,5513.3
01-08-2021,A5820110104,AQ BZ Allin1,Plus 1,19,690.4971,13119.44
01-08-2021,A0620150303,AQ Mforce Gen Z,Standard 3,94,34.2412,3218.67
01-08-2021,A5820110103,AQ BZ Allin1,Standard 3,15,735.1465,11027.2
01-08-2021,A5820110102,AQ BZ Allin1,Standard 2,14,697.5541,9765.76
01-08-2021,A2620150601,AQ Qwerty Ms,Standard 1,458,14.9013,6824.8
01-08-2021,A0620150304,AQ Mforce Gen Z,Plus 1,76,37.5826,2856.28
01-08-2021,A5318110104,AQ Gamer 1,Plus Firey Red,12,586.3824,7036.59
01-08-2021,A5820110101,AQ BZ Allin1,Standard 1,19,681.3022,12944.74
01-08-2021,A5721110506,AQ Smash 2,Plus Black,16,720.546,11528.74
01-08-2021,A0620150305,AQ Mforce Gen Z,Plus 2,28,36.5679,1023.9
01-08-2021,A5721110505,AQ Smash 2,Plus Cool Blue,3,674.4272,2023.28
01-08-2021,A5318110103,AQ Gamer 1,Standard Black,10,584.9722,5849.72
01-08-2021,A5721110504,AQ Smash 2,Plus Firey Red,5,655.8348,3279.17
01-08-2021,A2118150105,AQ Master wired x1 Ms,Premium 1,659,4.6904,3090.97
01-08-2021,A0620150306,AQ Mforce Gen Z,Plus 3,122,37.5278,4578.39
01-08-2021,A4520110507,AQ Gen X,Premium Black,30,322.9426,9688.28
01-08-2021,A7321160303,AQ Wi Power Dx3,Premium,158,42.8483,6770.03
01-08-2021,A5721110503,AQ Smash 2,Standard Black,4,678.3035,2713.21
01-08-2021,A0621150307,AQ Mforce Gen Z,Premium 1,120,36.2434,4349.21
01-08-2021,A5220110408,AQ BZ Gen Z,Premium Misty Green,9,533.0397,4797.36
01-08-2021,A3421150604,AQ Qwerty,Plus 2,546,27.4152,14968.7
01-08-2021,A5721110502,AQ Smash 2,Standard Cool Blue,11,627.9938,6907.93
01-08-2021,A0621150308,AQ Mforce Gen Z,Premium 2,140,39.399,5515.86
01-08-2021,A4519110501,AQ Gen X,Standard Grey,13,311.8396,4053.91
01-08-2021,A5721110501,AQ Smash 2,Standard Firey Red,12,649.6929,7796.31
01-08-2021,A4021150403,AQ Mx NB,Plus 2,34,29.9423,1018.04
01-08-2021,A5621110408,AQ Smash 1,Premium Misty Green,3,657.2525,1971.76
01-08-2021,A2520150506,AQ Maxima Ms,Premium 2,599,14.5677,8726.05
01-08-2021,A0721150401,AQ GT 21,Standard,129,39.3377,5074.56
01-08-2021,A5219110407,AQ BZ Gen Z,Premium Black,12,545.5931,6547.12
01-08-2021,A5621110407,AQ Smash 1,Premium Black,10,655.7782,6557.78
01-08-2021,A4620110602,AQ Gen Y,Standard Blue,23,346.6886,7973.84
01-08-2021,A0721150402,AQ GT 21,Plus 1,148,39.1465,5793.68
01-08-2021,A5621110406,AQ Smash 1,Plus Black,4,644.3777,2577.51
01-08-2021,A5219110406,AQ BZ Gen Z,Plus Red,7,550.4597,3853.22
01-08-2021,A5621110405,AQ Smash 1,Plus Cool Blue,17,601.8173,10230.89
01-08-2021,A2118150106,AQ Master wired x1 Ms,Premium 2,820,5.2542,4308.44
01-08-2021,A0721150403,AQ GT 21,Plus 2,126,39.299,4951.67
01-08-2021,A4620110608,AQ Gen Y,Premium Misty Green,18,363.063,6535.13
01-08-2021,A5621110404,AQ Smash 1,Plus Firey Red,8,639.9614,5119.69
01-08-2021,A5621110403,AQ Smash 1,Standard Black,11,631.1855,6943.04
01-08-2021,A0721150404,AQ GT 21,Premium,160,39.1215,6259.44
01-08-2021,A5219110405,AQ BZ Gen Z,Plus Blue,21,521.2603,10946.47
01-08-2021,A5620110402,AQ Smash 1,Standard Cool Blue,6,593.8297,3562.98
01-08-2021,A5620110401,AQ Smash 1,Standard Firey Red,11,642.0698,7062.77
01-08-2021,A2419150402,AQ Lite Ms,Standard 2,196,11.2819,2211.25
01-08-2021,A0821150501,AQ Marquee P3,Standard,138,40.5013,5589.18
01-08-2021,A5520110308,AQ Gamer 3,Premium Misty Green,16,590.1159,9441.85
01-08-2021,A5520110307,AQ Gamer 3,Premium Black,10,609.7926,6097.93
01-08-2021,A3920150303,AQ LION x3,Plus 2,22,25.467,560.27
01-08-2021,A0821150502,AQ Marquee P3,Plus 1,124,43.2966,5368.78
01-08-2021,A5219110403,AQ BZ Gen Z,Standard Red,25,525.8042,13145.11
01-08-2021,A5520110306,AQ Gamer 3,Plus Black,13,639.6816,8315.86
01-08-2021,A0821150503,AQ Marquee P3,Plus 2,176,42.3841,7459.6
01-08-2021,A5520110305,AQ Gamer 3,Plus Cool Blue,13,632.4885,8222.35
01-08-2021,A5219110402,AQ BZ Gen Z,Standard Blue,24,490.1582,11763.8
01-08-2021,A5519110304,AQ Gamer 3,Plus Firey Red,6,597.7704,3586.62
01-08-2021,A2218150201,AQ Master wireless x1 Ms,Standard 1,495,5.4383,2691.96
01-08-2021,A0821150504,AQ Marquee P3,Premium,184,44.7044,8225.61
01-08-2021,A2520150505,AQ Maxima Ms,Premium 1,639,15.1762,9697.59
01-08-2021,A3818150202,AQ LION x2,Plus 1 ,21,17.5197,367.91
01-08-2021,A3421150605,AQ Qwerty,Premium 1,491,29.8692,14665.78
01-08-2021,A4021150405,AQ Mx NB,Premium,44,31.7029,1394.93
01-08-2021,A3320150506,AQ Maxima,Premium 2,100,23.7678,2376.78
01-08-2021,A0921150601,AQ Marquee P4,Standard,125,45.0813,5635.16
01-08-2021,A5219110401,AQ BZ Gen Z,Standard Grey,13,506.9644,6590.54
01-08-2021,A4118110105,AQ Aspiron,Plus Blue,14,182.8932,2560.5
01-08-2021,A4620110607,AQ Gen Y,Premium Black,32,347.803,11129.7
01-08-2021,A1018150101,AQ 5000 Series Electron 9 5900X Desktop Processor,Standard,77,111.1036,8554.98
01-08-2021,A3320150505,AQ Maxima,Premium 1,139,23.0844,3208.73
01-08-2021,A3320150504,AQ Maxima,Plus 2,509,22.1341,11266.26
01-08-2021,A4519110502,AQ Gen X,Standard Blue,37,300.3378,11112.5
01-08-2021,A1018150102,AQ 5000 Series Electron 9 5900X Desktop Processor,Plus,173,123.4797,21361.99
01-08-2021,A5119110308,AQ BZ Gen Y,Premium Misty Green,26,512.5811,13327.11
01-08-2021,A2520150504,AQ Maxima Ms,Plus 2,337,14.28,4812.36
01-08-2021,A4020150402,AQ Mx NB,Plus 1 ,72,28.45,2048.4
01-08-2021,A4118110106,AQ Aspiron,Plus Red,8,187.7533,1502.03
01-08-2021,A3320150503,AQ Maxima,Plus 1,389,20.8733,8119.71
01-08-2021,A1018150103,AQ 5000 Series Electron 9 5900X Desktop Processor,Premium,51,123.9315,6320.51
01-08-2021,A3320150502,AQ Maxima,Standard 2,102,21.6988,2213.28
01-08-2021,A5119110307,AQ BZ Gen Y,Premium Black,17,516.458,8779.79
01-08-2021,A4118110107,AQ Aspiron,Premium Black,28,195.7721,5481.62
01-08-2021,A3320150501,AQ Maxima,Standard 1,845,20.3908,17230.23
01-08-2021,A1118150201,AQ 5000 Series Electron 8 5900X Desktop Processor,Standard,127,124.264,15781.53
01-08-2021,A4218110201,AQ Digit,Standard Grey,23,200.2732,4606.28
01-08-2021,A3220150406,AQ Lite,Premium 2,456,20.0066,9123.01
01-08-2021,A2218150202,AQ Master wireless x1 Ms,Standard 2,349,6.4054,2235.48
01-08-2021,A1118150202,AQ 5000 Series Electron 8 5900X Desktop Processor,Plus,177,129.5836,22936.3
01-08-2021,A5119110306,AQ BZ Gen Y,Plus Red,12,486.4857,5837.83
01-08-2021,A3220150405,AQ Lite,Premium 1,840,18.9415,15910.86
01-08-2021,A1119150203,AQ 5000 Series Electron 8 5900X Desktop Processor,Premium,154,139.8962,21544.01
01-08-2021,A4218110202,AQ Digit,Standard Blue,11,215.9341,2375.28
01-08-2021,A3220150404,AQ Lite,Plus 2,146,18.4219,2689.6
01-08-2021,A3718150101,AQ LION x1,Standard,53,16.5127,875.17
01-08-2021,A1219150301,AQ 5000 Series Ultron 8 5900X Desktop Processor,Standard,194,135.6822,26322.35
01-08-2021,A5119110305,AQ BZ Gen Y,Plus Blue,23,483.3813,11117.77
01-08-2021,A3818150201,AQ LION x2,Standard,71,17.2648,1225.8
01-08-2021,A4519110503,AQ Gen X,Standard Red,39,306.9189,11969.84
01-08-2021,A1219150302,AQ 5000 Series Ultron 8 5900X Desktop Processor,Plus,82,145.1474,11902.09
01-08-2021,A3220150403,AQ Lite,Plus 1,500,18.5844,9292.2
01-08-2021,A5119110303,AQ BZ Gen Y,Standard Red,15,474.3154,7114.73
01-08-2021,A3421150606,AQ Qwerty,Premium 2,517,29.6709,15339.86
01-08-2021,A2319150304,AQ Gamers Ms,Plus 2,828,10.4573,8658.64
01-08-2021,A1219150303,AQ 5000 Series Ultron 8 5900X Desktop Processor,Premium,35,142.9402,5002.91
01-08-2021,A4218110203,AQ Digit,Standard Red,33,236.8486,7816
01-08-2021,A3220150402,AQ Lite,Standard 2,803,18.7947,15092.14
01-08-2021,A2219150203,AQ Master wireless x1 Ms,Plus 1,963,6.7301,6481.09
01-08-2021,A1319150401,AQ Electron 5 3600 Desktop Processor,Standard,112,149.1034,16699.58
01-08-2021,A5119110302,AQ BZ Gen Y,Standard Blue,17,474.3132,8063.32
01-08-2021,A4620110606,AQ Gen Y,Plus Red,35,348.5375,12198.81
01-08-2021,A4218110204,AQ Digit,Plus Grey,28,232.1038,6498.91
01-08-2021,A3220150401,AQ Lite,Standard 1,475,18.4943,8784.79
01-08-2021,A1320150402,AQ Electron 5 3600 Desktop Processor,Plus,193,150.245,28997.29
01-08-2021,A3120150306,AQ Gamers ,Premium 2,486,19.3003,9379.95
01-08-2021,A4218110205,AQ Digit,Plus Blue,8,240.1403,1921.12
01-08-2021,A3521150704,AQ Trigger,Plus 2,611,33.6246,20544.63
01-08-2021,A1320150403,AQ Electron 5 3600 Desktop Processor,Premium,109,160.6912,17515.34
01-08-2021,A5119110301,AQ BZ Gen Y,Standard Grey,18,479.0441,8622.79
01-08-2021,A2520150503,AQ Maxima Ms,Plus 1,1015,14.1682,14380.72
01-08-2021,A3120150305,AQ Gamers ,Premium 1,118,16.3218,1925.97
01-08-2021,A1420150501,AQ Electron 4 3600 Desktop Processor,Standard,84,160.5082,13482.69
01-08-2021,A3120150304,AQ Gamers ,Plus 2,736,16.3792,12055.09
01-08-2021,A5019110208,AQ BZ Compact,Premium Misty Green,21,467.3047,9813.4
01-08-2021,A3920150301,AQ LION x3,Standard,29,22.1454,642.22
01-08-2021,A4218110206,AQ Digit,Plus Red,22,237.0183,5214.4
01-08-2021,A3119150303,AQ Gamers ,Plus 1,688,16.2407,11173.6
01-08-2021,A1420150502,AQ Electron 4 3600 Desktop Processor,Plus,139,169.4999,23560.49
01-08-2021,A4218110207,AQ Digit,Premium Black,28,249.1303,6975.65
01-08-2021,A3119150302,AQ Gamers ,Standard 2,389,15.3071,5954.46
01-08-2021,A2219150204,AQ Master wireless x1 Ms,Plus 2,853,7.3526,6271.77
01-08-2021,A1421150503,AQ Electron 4 3600 Desktop Processor,Premium,180,176.4389,31759
01-08-2021,A5018110207,AQ BZ Compact,Premium Black,9,475.1904,4276.71
01-08-2021,A3119150301,AQ Gamers ,Standard 1,287,13.5061,3876.25
01-08-2021,A2520150502,AQ Maxima Ms,Standard 2,441,14.5267,6406.27
01-08-2021,A1521150601,AQ Electron 3 3600 Desktop Processor,Standard,168,186.2917,31297.01
01-08-2021,A4620110605,AQ Gen Y,Plus Blue,13,349.2525,4540.28
01-08-2021,A3718150105,AQ LION x1,Premium,68,18.0312,1226.12
01-08-2021,A4218110208,AQ Digit,Premium Misty Green,16,243.0414,3888.66
01-08-2021,A3019150206,AQ Master wireless x1,Premium 2,720,13.0018,9361.3
01-08-2021,A1521150602,AQ Electron 3 3600 Desktop Processor,Plus,69,185.4599,12796.73
01-08-2021,A5018110206,AQ BZ Compact,Plus Red,6,475.5544,2853.33
01-08-2021,A3521150701,AQ Trigger,Standard 1,875,29.3872,25713.8
01-08-2021,A4520110504,AQ Gen X,Plus Grey,38,341.7343,12985.9
01-08-2021,A1618150101,AQ MB Elite,Standard,33,19.6485,648.4
01-08-2021,A3019150205,AQ Master wireless x1,Premium 1,319,12.0509,3844.24
01-08-2021,A5018110205,AQ BZ Compact,Plus Blue,11,486.1763,5347.94
01-08-2021,A4318110301,AQ Velocity,Standard Grey,32,264.7,8470.4
01-08-2021,A3019150204,AQ Master wireless x1,Plus 2,741,11.6011,8596.42
01-08-2021,A1618150102,AQ MB Elite,Plus 1,41,20.4629,838.98
01-08-2021,A4020150401,AQ Mx NB,Standard,62,26.9302,1669.67
01-08-2021,A4319110302,AQ Velocity,Standard Blue,32,267.2091,8550.69
01-08-2021,A2219150205,AQ Master wireless x1 Ms,Premium 1,202,7.9813,1612.22
01-08-2021,A1618150103,AQ MB Elite,Plus 2,129,21.2017,2735.02
01-08-2021,A3018150203,AQ Master wireless x1,Plus 1,312,12.3739,3860.66
01-08-2021,A5018110204,AQ BZ Compact,Plus Grey,22,447.7337,9850.14
01-08-2021,A3018150202,AQ Master wireless x1,Standard 2,385,11.0524,4255.17
01-08-2021,A1618150104,AQ MB Elite,Premium,50,21.4489,1072.45
01-08-2021,A3521150705,AQ Trigger,Premium 1,394,34.5114,13597.49
01-08-2021,A2520150501,AQ Maxima Ms,Standard 1,456,12.0689,5503.42
01-08-2021,A4319110303,AQ Velocity,Standard Red,28,261.2305,7314.45
01-08-2021,A3018150201,AQ Master wireless x1,Standard 1,836,10.7955,9025.04
01-08-2021,A1718150201,AQ MB Crossx,Standard,131,21.8879,2867.31
01-08-2021,A5018110203,AQ BZ Compact,Standard Red,12,452.142,5425.7
01-08-2021,A2918150106,AQ Master wired x1,Premium 2,692,10.4188,7209.81
01-08-2021,A2420150406,AQ Lite Ms,Premium 2,643,12.2979,7907.55
01-08-2021,A1718150202,AQ MB Crossx,Plus 1,81,22.8957,1854.55
01-08-2021,A4319110304,AQ Velocity,Plus Grey,36,267.0636,9614.29
01-08-2021,A5018110202,AQ BZ Compact,Standard Blue,19,462.5568,8788.58
01-08-2021,A2918150105,AQ Master wired x1,Premium 1,801,9.465,7581.47
01-08-2021,A4520110508,AQ Gen X,Premium Misty Green,30,327.093,9812.79
01-08-2021,A1718150203,AQ MB Crossx,Plus 2,106,27.3445,2898.52
01-08-2021,A2219150206,AQ Master wireless x1 Ms,Premium 2,401,8.3193,3336.04
01-08-2021,A4319110305,AQ Velocity,Plus Blue,34,277.8079,9445.47
01-08-2021,A2918150104,AQ Master wired x1,Plus 2,620,8.9514,5549.87
01-08-2021,A1718150204,AQ MB Crossx,Premium,64,28.3991,1817.54
01-08-2021,A5018110201,AQ BZ Compact,Standard Grey,13,451.7049,5872.16
01-08-2021,A3920150302,AQ LION x3,Plus 1 ,31,23.152,717.71
01-08-2021,A2918150103,AQ Master wired x1,Plus 1,825,7.7693,6409.67
01-08-2021,A4620110604,AQ Gen Y,Plus Grey,14,353.0982,4943.37
01-08-2021,A1819150301,AQ MB Crossx 2,Standard,115,28.8615,3319.07
01-08-2021,A3718150103,AQ LION x1,Plus 2,38,17.5697,667.65
01-08-2021,A3521150702,AQ Trigger,Standard 2,614,30.3414,18629.62
01-08-2021,A4319110306,AQ Velocity,Plus Red,19,275.8194,5240.57
01-08-2021,A3920150304,AQ LION x3,Plus 3,71,25.0442,1778.14
01-08-2021,A1819150302,AQ MB Crossx 2,Plus 1,122,31.9525,3898.21
01-08-2021,A4918110104,AQ BZ 101,Premium Misty Green,18,460.2805,8285.05
01-08-2021,A4520110505,AQ Gen X,Plus Blue,28,325.2156,9106.04
01-08-2021,A2419150405,AQ Lite Ms,Premium 1,341,12.7423,4345.12
01-08-2021,A2918150102,AQ Master wired x1,Standard 2,206,7.5979,1565.17
01-08-2021,A2419150401,AQ Lite Ms,Standard 1,526,11.4829,6040.01
01-08-2021,A1819150303,AQ MB Crossx 2,Plus 2,75,32.1924,2414.43
01-08-2021,A4918110103,AQ BZ 101,Premium Black,5,428.1451,2140.73
01-08-2021,A2918150101,AQ Master wired x1,Standard 1,561,6.8991,3870.4
01-08-2021,A4419110401,AQ Elite,Standard Grey,25,271.3471,6783.68
01-08-2021,A1819150304,AQ MB Crossx 2,Premium,41,32.2612,1322.71
01-08-2021,A2319150301,AQ Gamers Ms,Standard 1,318,8.8044,2799.8
01-08-2021,A2821150801,AQ Lumina Ms,Standard 1,214,21.7118,4646.33
01-08-2021,A4419110402,AQ Elite,Standard Blue,36,281.9504,10150.21
01-08-2021,A2319150306,AQ Gamers Ms,Premium 2,293,10.8659,3183.71
01-08-2021,A1919150401,AQ MB Lito,Standard,62,33.7609,2093.18
01-08-2021,A2721150706,AQ Trigger Ms,Premium 2,915,20.0537,18349.14
01-08-2021,A4918110102,AQ BZ 101,Standard Blue,21,451.4881,9481.25
01-08-2021,A2721150705,AQ Trigger Ms,Premium 1,146,19.4042,2833.01
01-08-2021,A1919150402,AQ MB Lito,Plus 1,117,35.0256,4098
01-08-2021,A3819150204,AQ LION x2,Plus 3,56,21.1942,1186.88
01-08-2021,A4419110403,AQ Elite,Standard Red,39,288.0503,11233.96
01-08-2021,A2721150704,AQ Trigger Ms,Plus 2,235,19.586,4602.71
01-08-2021,A1919150403,AQ MB Lito,Plus 2,38,35.835,1361.73
01-08-2021,A4918110101,AQ BZ 101,Standard Grey,7,419.1936,2934.36
01-08-2021,A2721150703,AQ Trigger Ms,Plus 1,125,16.9353,2116.91
01-08-2021,A4520110506,AQ Gen X,Plus Red,39,325.2561,12684.99
01-08-2021,A1920150404,AQ MB Lito,Premium,100,38.978,3897.8
01-08-2021,A4419110404,AQ Elite,Plus Grey,34,286.8973,9754.51
01-08-2021,A2721150702,AQ Trigger Ms,Standard 2,795,17.2368,13703.26
01-08-2021,A4721110705,AQ GEN Z,Plus Blue,23,377.4069,8680.36
01-08-2021,A2419150404,AQ Lite Ms,Plus 2,279,11.6332,3245.66
01-08-2021,A2319150305,AQ Gamers Ms,Premium 1,809,10.437,8443.53
01-08-2021,A2020150501,AQ MB Lito 2,Standard,102,41.3696,4219.7
01-08-2021,A4419110405,AQ Elite,Plus Blue,28,291.2071,8153.8
01-08-2021,A2720150701,AQ Trigger Ms,Standard 1,817,17.0917,13963.92
01-08-2021,A2319150302,AQ Gamers Ms,Standard 2,705,8.9901,6338.02
01-08-2021,A2020150502,AQ MB Lito 2,Plus 1,41,39.3932,1615.12
01-08-2021,A3718150102,AQ LION x1,Plus 1 ,55,16.1015,885.58
01-08-2021,A4721110704,AQ GEN Z,Plus Grey,13,380.2153,4942.8
01-06-2021,A4721110704,AQ GEN Z,Plus Grey,36,380.2153,13687.75
01-06-2021,A2620150606,AQ Qwerty Ms,Premium 2,626,16.785,10507.41
01-06-2021,A7321160302,AQ Wi Power Dx3,Plus,624,43.9446,27421.43
01-06-2021,A0118150101,AQ Dracula HDD – 3.5 Inch SATA 6 Gb/s 5400 RPM 256 MB Cache,Standard,205,19.0573,3906.75
01-06-2021,A5519110303,AQ Gamer 3,Standard Black,3,604.2721,1812.82
01-06-2021,A2021150503,AQ MB Lito 2,Plus 2,142,45.4377,6452.15
01-06-2021,A3420150601,AQ Qwerty,Standard 1,676,24.569,16608.64
01-06-2021,A7321160301,AQ Wi Power Dx3,Standard,174,40.7954,7098.4
01-06-2021,A0118150102,AQ Dracula HDD – 3.5 Inch SATA 6 Gb/s 5400 RPM 256 MB Cache,Plus,78,21.4565,1673.61
01-06-2021,A7220160203,AQ Wi Power Dx2,Premium,305,37.4784,11430.91
01-06-2021,A7220160202,AQ Wi Power Dx2,Plus,541,35.2053,19046.07
01-06-2021,A4620110603,AQ Gen Y,Standard Red,24,366.0459,8785.1
01-06-2021,A0118150103,AQ Dracula HDD – 3.5 Inch SATA 6 Gb/s 5400 RPM 256 MB Cache,Premium,48,21.7795,1045.42
01-06-2021,A5519110302,AQ Gamer 3,Standard Cool Blue,12,605.8642,7270.37
01-06-2021,A3718150102,AQ LION x1,Plus 1 ,65,16.1015,1046.6
01-06-2021,A4021150405,AQ Mx NB,Premium,36,31.7029,1141.3
01-06-2021,A7219160201,AQ Wi Power Dx2,Standard,478,32.9575,15753.69
01-06-2021,A4419110406,AQ Elite,Plus Red,11,287.5666,3163.23
01-06-2021,A0118150104,AQ Dracula HDD – 3.5 Inch SATA 6 Gb/s 5400 RPM 256 MB Cache,Premium Plus,126,22.9729,2894.59
01-06-2021,A7119160103,AQ Wi Power Dx1,Premium,444,28.7736,12775.48
01-06-2021,A5519110301,AQ Gamer 3,Standard Firey Red,15,589.7411,8846.12
01-06-2021,A7119160102,AQ Wi Power Dx1,Plus,348,29.9264,10414.39
01-06-2021,A0219150201,AQ WereWolf NAS Internal Hard Drive HDD – 8.89 cm,Standard,40,23.6987,947.95
01-06-2021,A7118160101,AQ Wi Power Dx1,Standard,533,29.6712,15814.75
01-06-2021,A6819160203,AQ Pen Drive DRC,Premium,1186,5.0984,6046.7
01-06-2021,A2419150401,AQ Lite Ms,Standard 1,310,11.4829,3559.7
01-06-2021,A0219150202,AQ WereWolf NAS Internal Hard Drive HDD – 8.89 cm,Plus,102,24.7312,2522.58
01-06-2021,A5419110208,AQ Gamer 2,Premium Misty Green,6,608.407,3650.44
01-06-2021,A2118150101,AQ Master wired x1 Ms,Standard 1,830,2.9434,2443.02
01-06-2021,A6818160202,AQ Pen Drive DRC,Plus,1295,3.8531,4989.76
01-06-2021,A6818160201,AQ Pen Drive DRC,Standard,1232,2.999,3694.77
01-06-2021,A0220150203,AQ WereWolf NAS Internal Hard Drive HDD – 8.89 cm,Premium,31,23.6154,732.08
01-06-2021,A6720160103,AQ Pen Drive 2 IN 1,Premium,1123,4.4411,4987.36
01-06-2021,A6620160501,AQ Clx3,Standard,763,22.853,17436.84
01-06-2021,A0320150301,AQ Zion Saga,Standard,91,23.7223,2158.73
01-06-2021,A5419110207,AQ Gamer 2,Premium Black,6,599.2302,3595.38
01-06-2021,A4721110703,AQ GEN Z,Standard Red,22,361.6496,7956.29
01-06-2021,A6520160403,AQ Clx2,Premium,410,21.283,8726.03
01-06-2021,A6520160402,AQ Clx2,Plus,352,20.165,7098.08
01-06-2021,A2419150404,AQ Lite Ms,Plus 2,520,11.6332,6049.26
01-06-2021,A0321150302,AQ Zion Saga,Plus,70,27.1027,1897.19
01-06-2021,A6519160401,AQ Clx2,Standard,957,20.2889,19416.48
01-06-2021,A5419110206,AQ Gamer 2,Plus Black,7,601.6398,4211.48
01-06-2021,A3920150305,AQ LION x3,Premium,74,27.4546,2031.64
01-06-2021,A6419160303,AQ Clx1,Premium,620,19.3342,11987.2
01-06-2021,A2620150605,AQ Qwerty Ms,Premium 1,256,16.5882,4246.58
01-06-2021,A0321150303,AQ Zion Saga,Premium,145,28.0059,4060.86
01-06-2021,A4419110407,AQ Elite,Premium Black,27,287.4934,7762.32
01-06-2021,A6419160302,AQ Clx1,Plus,959,19.6723,18865.74
01-06-2021,A3420150602,AQ Qwerty,Standard 2,824,23.9726,19753.42
01-06-2021,A6419160301,AQ Clx1,Standard,865,17.8043,15400.72
01-06-2021,A4520110507,AQ Gen X,Premium Black,7,322.9426,2260.6
01-06-2021,A0418150103,AQ Mforce Gen X,Standard 3,108,19.5235,2108.54
01-06-2021,A5419110205,AQ Gamer 2,Plus Cool Blue,13,570.7578,7419.85
01-06-2021,A2118150102,AQ Master wired x1 Ms,Standard 2,778,3.9998,3111.84
01-06-2021,A6319160203,AQ Neuer SSD,Premium,826,19.3433,15977.57
01-06-2021,A0418150104,AQ Mforce Gen X,Plus 1,76,19.9239,1514.22
01-06-2021,A6319160202,AQ Neuer SSD,Plus,697,18.5733,12945.59
01-06-2021,A6319160201,AQ Neuer SSD,Standard,666,17.359,11561.09
01-06-2021,A0418150105,AQ Mforce Gen X,Plus 2,84,20.0766,1686.43
01-06-2021,A5419110204,AQ Gamer 2,Plus Firey Red,15,602.92,9043.8
01-06-2021,A2620150604,AQ Qwerty Ms,Plus 2,971,16.5491,16069.18
01-06-2021,A6219160103,AQ Digit SSD,Premium,168,16.3003,2738.45
01-06-2021,A6218160102,AQ Digit SSD,Plus,364,15.2481,5550.31
01-06-2021,A0418150106,AQ Mforce Gen X,Plus 3,114,19.9365,2272.76
01-06-2021,A5419110203,AQ Gamer 2,Standard Black,16,595.5711,9529.14
01-06-2021,A4021150404,AQ Mx NB,Plus 3,45,28.58,1286.1
01-06-2021,A6218160101,AQ Digit SSD,Standard,1011,13.5941,13743.64
01-06-2021,A0519150201,AQ Mforce Gen Y,Standard 1,58,22.3984,1299.11
01-06-2021,A6120110206,AQ HOME Allin1 Gen 2,Plus 3,5,810.6034,4053.02
01-06-2021,A6120110205,AQ HOME Allin1 Gen 2,Plus 2,1,834.9812,834.98
01-06-2021,A0519150202,AQ Mforce Gen Y,Standard 2,107,24.9298,2667.49
01-06-2021,A5419110202,AQ Gamer 2,Standard Cool Blue,10,567.9271,5679.27
01-06-2021,A6119110204,AQ HOME Allin1 Gen 2,Plus 1,6,807.2638,4843.58
01-06-2021,A6119110203,AQ HOME Allin1 Gen 2,Standard 3,3,769.5635,2308.69
01-06-2021,A2118150103,AQ Master wired x1 Ms,Plus 1,817,4.5295,3700.6
01-06-2021,A0519150203,AQ Mforce Gen Y,Standard 3,156,26.5871,4147.59
01-06-2021,A6119110202,AQ HOME Allin1 Gen 2,Standard 2,5,790.104,3950.52
01-06-2021,A6119110201,AQ HOME Allin1 Gen 2,Standard 1,1,824.0889,824.09
01-06-2021,A0519150204,AQ Mforce Gen Y,Plus 1,78,26.1081,2036.43
01-06-2021,A5419110201,AQ Gamer 2,Standard Firey Red,10,585.0003,5850
01-06-2021,A4720110702,AQ GEN Z,Standard Blue,20,371.4027,7428.05
01-06-2021,A6019110108,AQ Home Allin1,Premium 2,2,796.6606,1593.32
01-06-2021,A2319150303,AQ Gamers Ms,Plus 1,237,9.3977,2227.25
01-06-2021,A6019110107,AQ Home Allin1,Premium 1,2,785.9918,1571.98
01-06-2021,A2620150603,AQ Qwerty Ms,Plus 1,996,15.9792,15915.28
01-06-2021,A0519150205,AQ Mforce Gen Y,Plus 2,144,29.7008,4276.92
01-06-2021,A5318110108,AQ Gamer 1,Premium Misty Green,8,579.6609,4637.29
01-06-2021,A3421150603,AQ Qwerty,Plus 1,266,26.9507,7168.89
01-06-2021,A6018110106,AQ Home Allin1,Plus 3,2,787.5874,1575.17
01-06-2021,A0519150206,AQ Mforce Gen Y,Plus 3,161,31.2439,5030.27
01-06-2021,A4419110408,AQ Elite,Premium Misty Green,30,297.0277,8910.83
01-06-2021,A6018110105,AQ Home Allin1,Plus 2,1,766.6472,766.65
01-06-2021,A6018110104,AQ Home Allin1,Plus 1,3,749.0987,2247.3
01-06-2021,A0519150207,AQ Mforce Gen Y,Premium 1,126,32.4427,4087.78
01-06-2021,A5318110107,AQ Gamer 1,Premium Black,12,571.6489,6859.79
01-06-2021,A2118150104,AQ Master wired x1 Ms,Plus 2,892,5.0459,4500.94
01-06-2021,A6018110103,AQ Home Allin1,Standard 3,4,770.9789,3083.92
01-06-2021,A0519150208,AQ Mforce Gen Y,Premium 2,94,30.5816,2874.67
01-06-2021,A6018110102,AQ Home Allin1,Standard 2,4,764.0542,3056.22
01-06-2021,A6018110101,AQ Home Allin1,Standard 1,4,800.4577,3201.83
01-06-2021,A5821110108,AQ BZ Allin1,Premium 2,11,746.7388,8214.13
01-06-2021,A0619150301,AQ Mforce Gen Z,Standard 1,119,30.4696,3625.88
01-06-2021,A5318110106,AQ Gamer 1,Plus Black,10,565.8747,5658.75
01-06-2021,A2319150306,AQ Gamers Ms,Premium 2,256,10.8659,2781.67
01-06-2021,A5820110107,AQ BZ Allin1,Premium 1,10,737.6775,7376.78
01-06-2021,A5820110106,AQ BZ Allin1,Plus 3,25,692.5242,17313.11
01-06-2021,A0619150302,AQ Mforce Gen Z,Standard 2,149,34.0973,5080.5
01-06-2021,A5318110105,AQ Gamer 1,Plus Cool Blue,8,551.3303,4410.64
01-06-2021,A3819150205,AQ LION x2,Premium,21,21.6066,453.74
01-06-2021,A5820110105,AQ BZ Allin1,Plus 2,10,709.3926,7093.93
01-06-2021,A4720110701,AQ GEN Z,Standard Grey,37,367.7335,13606.14
01-06-2021,A0620150303,AQ Mforce Gen Z,Standard 3,87,34.2412,2978.98
01-06-2021,A2620150602,AQ Qwerty Ms,Standard 2,480,15.8102,7588.9
01-06-2021,A5820110104,AQ BZ Allin1,Plus 1,6,690.4971,4142.98
01-06-2021,A5820110103,AQ BZ Allin1,Standard 3,21,735.1465,15438.08
01-06-2021,A5820110102,AQ BZ Allin1,Standard 2,14,697.5541,9765.76
01-06-2021,A0620150304,AQ Mforce Gen Z,Plus 1,122,37.5826,4585.08
01-06-2021,A5318110104,AQ Gamer 1,Plus Firey Red,7,586.3824,4104.68
01-06-2021,A2620150601,AQ Qwerty Ms,Standard 1,320,14.9013,4768.42
01-06-2021,A5820110101,AQ BZ Allin1,Standard 1,12,681.3022,8175.63
01-06-2021,A2419150403,AQ Lite Ms,Plus 1,277,10.8925,3017.22
01-06-2021,A0620150305,AQ Mforce Gen Z,Plus 2,25,36.5679,914.2
01-06-2021,A5721110506,AQ Smash 2,Plus Black,9,720.546,6484.91
01-06-2021,A2118150105,AQ Master wired x1 Ms,Premium 1,647,4.6904,3034.69
01-06-2021,A5721110505,AQ Smash 2,Plus Cool Blue,7,674.4272,4720.99
01-06-2021,A0620150306,AQ Mforce Gen Z,Plus 3,182,37.5278,6830.06
01-06-2021,A5318110103,AQ Gamer 1,Standard Black,15,584.9722,8774.58
01-06-2021,A3421150604,AQ Qwerty,Plus 2,190,27.4152,5208.89
01-06-2021,A5721110504,AQ Smash 2,Plus Firey Red,5,655.8348,3279.17
01-06-2021,A3920150303,AQ LION x3,Plus 2,69,25.467,1757.22
01-06-2021,A0621150307,AQ Mforce Gen Z,Premium 1,57,36.2434,2065.87
01-06-2021,A5721110503,AQ Smash 2,Standard Black,5,678.3035,3391.52
01-06-2021,A5220110408,AQ BZ Gen Z,Premium Misty Green,22,533.0397,11726.87
01-06-2021,A5721110502,AQ Smash 2,Standard Cool Blue,6,627.9938,3767.96
01-06-2021,A4519110501,AQ Gen X,Standard Grey,7,311.8396,2182.88
01-06-2021,A0621150308,AQ Mforce Gen Z,Premium 2,184,39.399,7249.42
01-06-2021,A5721110501,AQ Smash 2,Standard Firey Red,11,649.6929,7146.62
01-06-2021,A5621110408,AQ Smash 1,Premium Misty Green,16,657.2525,10516.04
01-06-2021,A0721150401,AQ GT 21,Standard,119,39.3377,4681.19
01-06-2021,A5219110407,AQ BZ Gen Z,Premium Black,12,545.5931,6547.12
01-06-2021,A2520150506,AQ Maxima Ms,Premium 2,106,14.5677,1544.18
01-06-2021,A4021150403,AQ Mx NB,Plus 2,41,29.9423,1227.63
01-06-2021,A5621110407,AQ Smash 1,Premium Black,10,655.7782,6557.78
01-06-2021,A0721150402,AQ GT 21,Plus 1,60,39.1465,2348.79
01-06-2021,A5621110406,AQ Smash 1,Plus Black,17,644.3777,10954.42
01-06-2021,A2118150106,AQ Master wired x1 Ms,Premium 2,701,5.2542,3683.19
01-06-2021,A5621110405,AQ Smash 1,Plus Cool Blue,14,601.8173,8425.44
01-06-2021,A0721150403,AQ GT 21,Plus 2,188,39.299,7388.21
01-06-2021,A5219110406,AQ BZ Gen Z,Plus Red,13,550.4597,7155.98
01-06-2021,A3819150204,AQ LION x2,Plus 3,11,21.1942,233.14
01-06-2021,A5621110404,AQ Smash 1,Plus Firey Red,3,639.9614,1919.88
01-06-2021,A4620110608,AQ Gen Y,Premium Misty Green,19,363.063,6898.2
01-06-2021,A0721150404,AQ GT 21,Premium,81,39.1215,3168.84
01-06-2021,A5621110403,AQ Smash 1,Standard Black,17,631.1855,10730.15
01-06-2021,A5219110405,AQ BZ Gen Z,Plus Blue,14,521.2603,7297.64
01-06-2021,A5620110402,AQ Smash 1,Standard Cool Blue,8,593.8297,4750.64
01-06-2021,A0821150501,AQ Marquee P3,Standard,63,40.5013,2551.58
01-06-2021,A2419150402,AQ Lite Ms,Standard 2,753,11.2819,8495.27
01-06-2021,A5620110401,AQ Smash 1,Standard Firey Red,11,642.0698,7062.77
01-06-2021,A5520110308,AQ Gamer 3,Premium Misty Green,15,590.1159,8851.74
01-06-2021,A5520110307,AQ Gamer 3,Premium Black,7,609.7926,4268.55
01-06-2021,A0821150502,AQ Marquee P3,Plus 1,21,43.2966,909.23
01-06-2021,A5219110403,AQ BZ Gen Z,Standard Red,10,525.8042,5258.04
01-06-2021,A4519110502,AQ Gen X,Standard Blue,30,300.3378,9010.13
01-06-2021,A3920150304,AQ LION x3,Plus 3,85,25.0442,2128.76
01-06-2021,A5520110306,AQ Gamer 3,Plus Black,5,639.6816,3198.41
01-06-2021,A2218150201,AQ Master wireless x1 Ms,Standard 1,451,5.4383,2452.67
01-06-2021,A0821150503,AQ Marquee P3,Plus 2,154,42.3841,6527.15
01-06-2021,A5520110305,AQ Gamer 3,Plus Cool Blue,12,632.4885,7589.86
01-06-2021,A3421150605,AQ Qwerty,Premium 1,222,29.8692,6630.96
01-06-2021,A5519110304,AQ Gamer 3,Plus Firey Red,15,597.7704,8966.56
01-06-2021,A0821150504,AQ Marquee P3,Premium,31,44.7044,1385.84
01-06-2021,A5219110402,AQ BZ Gen Z,Standard Blue,16,490.1582,7842.53
01-06-2021,A2520150505,AQ Maxima Ms,Premium 1,352,15.1762,5342.02
01-06-2021,A0921150601,AQ Marquee P4,Standard,132,45.0813,5950.73
01-06-2021,A3320150506,AQ Maxima,Premium 2,414,23.7678,9839.87
01-06-2021,A5219110401,AQ BZ Gen Z,Standard Grey,21,506.9644,10646.25
01-06-2021,A3818150202,AQ LION x2,Plus 1 ,16,17.5197,280.32
01-06-2021,A4118110105,AQ Aspiron,Plus Blue,30,182.8932,5486.8
01-06-2021,A1018150101,AQ 5000 Series Electron 9 5900X Desktop Processor,Standard,101,111.1036,11221.46
01-06-2021,A3521150704,AQ Trigger,Plus 2,396,33.6246,13315.34
01-06-2021,A3320150505,AQ Maxima,Premium 1,496,23.0844,11449.86
01-06-2021,A3320150504,AQ Maxima,Plus 2,604,22.1341,13369
01-06-2021,A4118110106,AQ Aspiron,Plus Red,11,187.7533,2065.29
01-06-2021,A1018150102,AQ 5000 Series Electron 9 5900X Desktop Processor,Plus,86,123.4797,10619.25
01-06-2021,A5119110308,AQ BZ Gen Y,Premium Misty Green,29,512.5811,14864.85
01-06-2021,A3320150503,AQ Maxima,Plus 1,438,20.8733,9142.51
01-06-2021,A1018150103,AQ 5000 Series Electron 9 5900X Desktop Processor,Premium,168,123.9315,20820.49
01-06-2021,A4118110107,AQ Aspiron,Premium Black,30,195.7721,5873.16
01-06-2021,A3320150502,AQ Maxima,Standard 2,431,21.6988,9352.18
01-06-2021,A4620110601,AQ Gen Y,Standard Grey,24,347.2474,8333.94
01-06-2021,A1118150201,AQ 5000 Series Electron 8 5900X Desktop Processor,Standard,24,124.264,2982.34
01-06-2021,A5119110307,AQ BZ Gen Y,Premium Black,5,516.458,2582.29
01-06-2021,A2218150202,AQ Master wireless x1 Ms,Standard 2,483,6.4054,3093.81
01-06-2021,A3320150501,AQ Maxima,Standard 1,632,20.3908,12886.99
01-06-2021,A4218110201,AQ Digit,Standard Grey,15,200.2732,3004.1
01-06-2021,A1118150202,AQ 5000 Series Electron 8 5900X Desktop Processor,Plus,91,129.5836,11792.11
01-06-2021,A3220150406,AQ Lite,Premium 2,658,20.0066,13164.34
01-06-2021,A5119110306,AQ BZ Gen Y,Plus Red,17,486.4857,8270.26
01-06-2021,A3220150405,AQ Lite,Premium 1,737,18.9415,13959.89
01-06-2021,A3920150301,AQ LION x3,Standard,32,22.1454,708.65
01-06-2021,A4620110607,AQ Gen Y,Premium Black,13,347.803,4521.44
01-06-2021,A1119150203,AQ 5000 Series Electron 8 5900X Desktop Processor,Premium,77,139.8962,10772.01
01-06-2021,A2319150304,AQ Gamers Ms,Plus 2,327,10.4573,3419.54
01-06-2021,A4218110202,AQ Digit,Standard Blue,27,215.9341,5830.22
01-06-2021,A2520150504,AQ Maxima Ms,Plus 2,740,14.28,10567.2
01-06-2021,A3220150404,AQ Lite,Plus 2,442,18.4219,8142.48
01-06-2021,A1219150301,AQ 5000 Series Ultron 8 5900X Desktop Processor,Standard,181,135.6822,24558.48
01-06-2021,A5119110305,AQ BZ Gen Y,Plus Blue,28,483.3813,13534.68
01-06-2021,A4519110503,AQ Gen X,Standard Red,20,306.9189,6138.38
01-06-2021,A3421150606,AQ Qwerty,Premium 2,523,29.6709,15517.88
01-06-2021,A7321160303,AQ Wi Power Dx3,Premium,289,42.8483,12383.16
01-06-2021,A1219150302,AQ 5000 Series Ultron 8 5900X Desktop Processor,Plus,127,145.1474,18433.72
01-06-2021,A4218110203,AQ Digit,Standard Red,26,236.8486,6158.06
01-06-2021,A3220150403,AQ Lite,Plus 1,95,18.5844,1765.52
01-06-2021,A3818150201,AQ LION x2,Standard,56,17.2648,966.83
01-06-2021,A1219150303,AQ 5000 Series Ultron 8 5900X Desktop Processor,Premium,135,142.9402,19296.93
01-06-2021,A5119110303,AQ BZ Gen Y,Standard Red,24,474.3154,11383.57
01-06-2021,A2219150203,AQ Master wireless x1 Ms,Plus 1,786,6.7301,5289.86
01-06-2021,A4020150402,AQ Mx NB,Plus 1 ,10,28.45,284.5
01-06-2021,A3220150402,AQ Lite,Standard 2,239,18.7947,4491.93
01-06-2021,A1319150401,AQ Electron 5 3600 Desktop Processor,Standard,160,149.1034,23856.54
01-06-2021,A4218110204,AQ Digit,Plus Grey,12,232.1038,2785.25
01-06-2021,A5119110302,AQ BZ Gen Y,Standard Blue,10,474.3132,4743.13
01-06-2021,A4620110606,AQ Gen Y,Plus Red,8,348.5375,2788.3
01-06-2021,A1320150402,AQ Electron 5 3600 Desktop Processor,Plus,64,150.245,9615.68
01-06-2021,A4620110602,AQ Gen Y,Standard Blue,27,346.6886,9360.59
01-06-2021,A3220150401,AQ Lite,Standard 1,477,18.4943,8821.78
01-06-2021,A3120150306,AQ Gamers ,Premium 2,736,19.3003,14205.02
01-06-2021,A4218110205,AQ Digit,Plus Blue,14,240.1403,3361.96
01-06-2021,A1320150403,AQ Electron 5 3600 Desktop Processor,Premium,123,160.6912,19765.02
01-06-2021,A5119110301,AQ BZ Gen Y,Standard Grey,7,479.0441,3353.31
01-06-2021,A3120150305,AQ Gamers ,Premium 1,840,16.3218,13710.31
01-06-2021,A4218110206,AQ Digit,Plus Red,40,237.0183,9480.73
01-06-2021,A2520150503,AQ Maxima Ms,Plus 1,137,14.1682,1941.04
01-06-2021,A1420150501,AQ Electron 4 3600 Desktop Processor,Standard,48,160.5082,7704.39
01-06-2021,A3120150304,AQ Gamers ,Plus 2,593,16.3792,9712.87
01-06-2021,A3521150705,AQ Trigger,Premium 1,188,34.5114,6488.14
01-06-2021,A1420150502,AQ Electron 4 3600 Desktop Processor,Plus,54,169.4999,9152.99
01-06-2021,A5019110208,AQ BZ Compact,Premium Misty Green,16,467.3047,7476.88
01-06-2021,A2219150204,AQ Master wireless x1 Ms,Plus 2,345,7.3526,2536.65
01-06-2021,A3119150303,AQ Gamers ,Plus 1,642,16.2407,10426.53
01-06-2021,A4218110207,AQ Digit,Premium Black,38,249.1303,9466.95
01-06-2021,A1421150503,AQ Electron 4 3600 Desktop Processor,Premium,92,176.4389,16232.38
01-06-2021,A3119150302,AQ Gamers ,Standard 2,815,15.3071,12475.29
01-06-2021,A5018110207,AQ BZ Compact,Premium Black,7,475.1904,3326.33
01-06-2021,A3718150101,AQ LION x1,Standard,60,16.5127,990.76
01-06-2021,A3119150301,AQ Gamers ,Standard 1,817,13.5061,11034.48
01-06-2021,A1521150601,AQ Electron 3 3600 Desktop Processor,Standard,184,186.2917,34277.67
01-06-2021,A4218110208,AQ Digit,Premium Misty Green,39,243.0414,9478.61
01-06-2021,A3521150701,AQ Trigger,Standard 1,241,29.3872,7082.32
01-06-2021,A2520150502,AQ Maxima Ms,Standard 2,133,14.5267,1932.05
01-06-2021,A1521150602,AQ Electron 3 3600 Desktop Processor,Plus,98,185.4599,18175.07
01-06-2021,A5018110206,AQ BZ Compact,Plus Red,13,475.5544,6182.21
01-06-2021,A4520110504,AQ Gen X,Plus Grey,14,341.7343,4784.28
01-06-2021,A3019150206,AQ Master wireless x1,Premium 2,356,13.0018,4628.64
01-06-2021,A3718150105,AQ LION x1,Premium,27,18.0312,486.84
01-06-2021,A1618150101,AQ MB Elite,Standard,124,19.6485,2436.41
01-06-2021,A4318110301,AQ Velocity,Standard Grey,39,264.7,10323.3
01-06-2021,A3019150205,AQ Master wireless x1,Premium 1,414,12.0509,4989.07
01-06-2021,A4520110508,AQ Gen X,Premium Misty Green,13,327.093,4252.21
01-06-2021,A1618150102,AQ MB Elite,Plus 1,124,20.4629,2537.4
01-06-2021,A5018110205,AQ BZ Compact,Plus Blue,24,486.1763,11668.23
01-06-2021,A2219150205,AQ Master wireless x1 Ms,Premium 1,682,7.9813,5443.25
01-06-2021,A3019150204,AQ Master wireless x1,Plus 2,514,11.6011,5962.97
01-06-2021,A4319110302,AQ Velocity,Standard Blue,34,267.2091,9085.11
01-06-2021,A1618150103,AQ MB Elite,Plus 2,116,21.2017,2459.4
01-06-2021,A5018110204,AQ BZ Compact,Plus Grey,26,447.7337,11641.08
01-06-2021,A4020150401,AQ Mx NB,Standard,78,26.9302,2100.56
01-06-2021,A3018150203,AQ Master wireless x1,Plus 1,850,12.3739,10517.82
01-06-2021,A4620110605,AQ Gen Y,Plus Blue,20,349.2525,6985.05
01-06-2021,A1618150104,AQ MB Elite,Premium,38,21.4489,815.06
01-06-2021,A3018150202,AQ Master wireless x1,Standard 2,292,11.0524,3227.3
01-06-2021,A4319110303,AQ Velocity,Standard Red,21,261.2305,5485.84
01-06-2021,A2520150501,AQ Maxima Ms,Standard 1,202,12.0689,2437.92
01-06-2021,A1718150201,AQ MB Crossx,Standard,67,21.8879,1466.49
01-06-2021,A5018110203,AQ BZ Compact,Standard Red,15,452.142,6782.13
01-06-2021,A4520110505,AQ Gen X,Plus Blue,25,325.2156,8130.39
01-06-2021,A3018150201,AQ Master wireless x1,Standard 1,359,10.7955,3875.58
01-06-2021,A4319110304,AQ Velocity,Plus Grey,12,267.0636,3204.76
01-06-2021,A1718150202,AQ MB Crossx,Plus 1,103,22.8957,2358.26
01-06-2021,A2918150106,AQ Master wired x1,Premium 2,625,10.4188,6511.75
01-06-2021,A2918150105,AQ Master wired x1,Premium 1,410,9.465,3880.65
01-06-2021,A3920150302,AQ LION x3,Plus 1 ,36,23.152,833.47
01-06-2021,A1718150203,AQ MB Crossx,Plus 2,58,27.3445,1585.98
01-06-2021,A5018110202,AQ BZ Compact,Standard Blue,14,462.5568,6475.8
01-06-2021,A2219150206,AQ Master wireless x1 Ms,Premium 2,401,8.3193,3336.04
01-06-2021,A4319110305,AQ Velocity,Plus Blue,9,277.8079,2500.27
01-06-2021,A2420150406,AQ Lite Ms,Premium 2,1015,12.2979,12482.37
01-06-2021,A1718150204,AQ MB Crossx,Premium,20,28.3991,567.98
01-06-2021,A2918150104,AQ Master wired x1,Plus 2,194,8.9514,1736.57
01-06-2021,A5018110201,AQ BZ Compact,Standard Grey,19,451.7049,8582.39
01-06-2021,A3521150702,AQ Trigger,Standard 2,671,30.3414,20359.08
01-06-2021,A1819150301,AQ MB Crossx 2,Standard,98,28.8615,2828.43
01-06-2021,A4620110604,AQ Gen Y,Plus Grey,25,353.0982,8827.46
01-06-2021,A2918150103,AQ Master wired x1,Plus 1,854,7.7693,6634.98
01-06-2021,A4319110306,AQ Velocity,Plus Red,40,275.8194,11032.78
01-06-2021,A1819150302,AQ MB Crossx 2,Plus 1,29,31.9525,926.62
01-06-2021,A4918110104,AQ BZ 101,Premium Misty Green,23,460.2805,10586.45
01-06-2021,A2918150102,AQ Master wired x1,Standard 2,440,7.5979,3343.08
01-06-2021,A1819150303,AQ MB Crossx 2,Plus 2,58,32.1924,1867.16
01-06-2021,A3718150103,AQ LION x1,Plus 2,68,17.5697,1194.74
01-06-2021,A4419110401,AQ Elite,Standard Grey,30,271.3471,8140.41
01-06-2021,A2918150101,AQ Master wired x1,Standard 1,329,6.8991,2269.8
01-06-2021,A2319150301,AQ Gamers Ms,Standard 1,512,8.8044,4507.85
01-06-2021,A1819150304,AQ MB Crossx 2,Premium,51,32.2612,1645.32
01-06-2021,A4918110103,AQ BZ 101,Premium Black,20,428.1451,8562.9
01-06-2021,A2821150801,AQ Lumina Ms,Standard 1,582,21.7118,12636.27
01-06-2021,A4419110402,AQ Elite,Standard Blue,28,281.9504,7894.61
01-06-2021,A1919150401,AQ MB Lito,Standard,61,33.7609,2059.41
01-06-2021,A4918110102,AQ BZ 101,Standard Blue,8,451.4881,3611.9
01-06-2021,A3819150203,AQ LION x2,Plus 2,53,18.4533,978.02
01-06-2021,A2721150706,AQ Trigger Ms,Premium 2,499,20.0537,10006.8
01-06-2021,A2721150705,AQ Trigger Ms,Premium 1,734,19.4042,14242.68
01-06-2021,A1919150402,AQ MB Lito,Plus 1,48,35.0256,1681.23
01-06-2021,A2419150405,AQ Lite Ms,Premium 1,909,12.7423,11582.75
01-06-2021,A4419110403,AQ Elite,Standard Red,14,288.0503,4032.7
01-06-2021,A2721150704,AQ Trigger Ms,Plus 2,942,19.586,18450.01
01-06-2021,A4520110506,AQ Gen X,Plus Red,27,325.2561,8781.91
01-06-2021,A1919150403,AQ MB Lito,Plus 2,76,35.835,2723.46
01-06-2021,A4918110101,AQ BZ 101,Standard Grey,25,419.1936,10479.84
01-06-2021,A2319150305,AQ Gamers Ms,Premium 1,270,10.437,2817.99
01-06-2021,A4419110404,AQ Elite,Plus Grey,7,286.8973,2008.28
01-06-2021,A2721150703,AQ Trigger Ms,Plus 1,553,16.9353,9365.22
01-06-2021,A1920150404,AQ MB Lito,Premium,122,38.978,4755.32
01-06-2021,A2721150702,AQ Trigger Ms,Standard 2,811,17.2368,13979.04
01-06-2021,A4419110405,AQ Elite,Plus Blue,32,291.2071,9318.63
01-06-2021,A2020150501,AQ MB Lito 2,Standard,134,41.3696,5543.53
01-06-2021,A4721110705,AQ GEN Z,Plus Blue,27,377.4069,10189.99
01-06-2021,A2319150302,AQ Gamers Ms,Standard 2,1011,8.9901,9088.99
01-06-2021,A3521150703,AQ Trigger,Plus 1,456,31.7665,14485.52
01-06-2021,A2720150701,AQ Trigger Ms,Standard 1,391,17.0917,6682.85
01-06-2021,A2020150502,AQ MB Lito 2,Plus 1,34,39.3932,1339.37
01-05-2021,A1018150103,AQ 5000 Series Electron 9 5900X Desktop Processor,Premium,128,123.9315,15863.23
01-05-2021,A7321160302,AQ Wi Power Dx3,Plus,681,43.9446,29926.27
01-05-2021,A7321160303,AQ Wi Power Dx3,Premium,487,42.8483,20867.12
01-05-2021,A3420150601,AQ Qwerty,Standard 1,218,24.569,5356.04
01-05-2021,A0118150101,AQ Dracula HDD – 3.5 Inch SATA 6 Gb/s 5400 RPM 256 MB Cache,Standard,58,19.0573,1105.32
01-05-2021,A5519110303,AQ Gamer 3,Standard Black,9,604.2721,5438.45
01-05-2021,A0118150102,AQ Dracula HDD – 3.5 Inch SATA 6 Gb/s 5400 RPM 256 MB Cache,Plus,135,21.4565,2896.63
01-05-2021,A0118150103,AQ Dracula HDD – 3.5 Inch SATA 6 Gb/s 5400 RPM 256 MB Cache,Premium,173,21.7795,3767.85
01-05-2021,A5519110302,AQ Gamer 3,Standard Cool Blue,15,605.8642,9087.96
01-05-2021,A0118150104,AQ Dracula HDD – 3.5 Inch SATA 6 Gb/s 5400 RPM 256 MB Cache,Premium Plus,93,22.9729,2136.48
01-05-2021,A4021150405,AQ Mx NB,Premium,68,31.7029,2155.8
01-05-2021,A0219150201,AQ WereWolf NAS Internal Hard Drive HDD – 8.89 cm,Standard,197,23.6987,4668.64
01-05-2021,A5519110301,AQ Gamer 3,Standard Firey Red,6,589.7411,3538.45
01-05-2021,A0219150202,AQ WereWolf NAS Internal Hard Drive HDD – 8.89 cm,Plus,246,24.7312,6083.88
01-05-2021,A5419110208,AQ Gamer 2,Premium Misty Green,9,608.407,5475.66
01-05-2021,A0220150203,AQ WereWolf NAS Internal Hard Drive HDD – 8.89 cm,Premium,225,23.6154,5313.47
01-05-2021,A0320150301,AQ Zion Saga,Standard,223,23.7223,5290.07
01-05-2021,A5419110207,AQ Gamer 2,Premium Black,16,599.2302,9587.68
01-05-2021,A0321150302,AQ Zion Saga,Plus,186,27.1027,5041.1
01-05-2021,A3420150602,AQ Qwerty,Standard 2,514,23.9726,12321.92
01-05-2021,A0321150303,AQ Zion Saga,Premium,84,28.0059,2352.5
01-05-2021,A5419110206,AQ Gamer 2,Plus Black,7,601.6398,4211.48
01-05-2021,A0418150103,AQ Mforce Gen X,Standard 3,58,19.5235,1132.36
01-05-2021,A5419110205,AQ Gamer 2,Plus Cool Blue,5,570.7578,2853.79
01-05-2021,A0418150104,AQ Mforce Gen X,Plus 1,48,19.9239,956.35
01-05-2021,A0418150105,AQ Mforce Gen X,Plus 2,190,20.0766,3814.55
01-05-2021,A5419110204,AQ Gamer 2,Plus Firey Red,4,602.92,2411.68
01-05-2021,A0418150106,AQ Mforce Gen X,Plus 3,76,19.9365,1515.17
01-05-2021,A0519150201,AQ Mforce Gen Y,Standard 1,134,22.3984,3001.39
01-05-2021,A5419110203,AQ Gamer 2,Standard Black,11,595.5711,6551.28
01-05-2021,A0519150202,AQ Mforce Gen Y,Standard 2,91,24.9298,2268.61
01-05-2021,A5419110202,AQ Gamer 2,Standard Cool Blue,5,567.9271,2839.64
01-05-2021,A0519150203,AQ Mforce Gen Y,Standard 3,122,26.5871,3243.63
01-05-2021,A0519150204,AQ Mforce Gen Y,Plus 1,178,26.1081,4647.24
01-05-2021,A5419110201,AQ Gamer 2,Standard Firey Red,16,585.0003,9360
01-05-2021,A3421150603,AQ Qwerty,Plus 1,222,26.9507,5983.06
01-05-2021,A0519150205,AQ Mforce Gen Y,Plus 2,138,29.7008,4098.71
01-05-2021,A0519150206,AQ Mforce Gen Y,Plus 3,104,31.2439,3249.37
01-05-2021,A5318110108,AQ Gamer 1,Premium Misty Green,3,579.6609,1738.98
01-05-2021,A0519150207,AQ Mforce Gen Y,Premium 1,43,32.4427,1395.04
01-05-2021,A5318110107,AQ Gamer 1,Premium Black,13,571.6489,7431.44
01-05-2021,A4021150404,AQ Mx NB,Plus 3,9,28.58,257.22
01-05-2021,A0519150208,AQ Mforce Gen Y,Premium 2,182,30.5816,5565.85
01-05-2021,A0619150301,AQ Mforce Gen Z,Standard 1,116,30.4696,3534.47
01-05-2021,A0619150302,AQ Mforce Gen Z,Standard 2,86,34.0973,2932.37
01-05-2021,A0620150303,AQ Mforce Gen Z,Standard 3,75,34.2412,2568.09
01-05-2021,A5318110105,AQ Gamer 1,Plus Cool Blue,12,551.3303,6615.96
01-05-2021,A0620150304,AQ Mforce Gen Z,Plus 1,64,37.5826,2405.29
01-05-2021,A5318110104,AQ Gamer 1,Plus Firey Red,17,586.3824,9968.5
01-05-2021,A0620150305,AQ Mforce Gen Z,Plus 2,189,36.5679,6911.33
01-05-2021,A3421150604,AQ Qwerty,Plus 2,632,27.4152,17326.41
01-05-2021,A0620150306,AQ Mforce Gen Z,Plus 3,84,37.5278,3152.34
01-05-2021,A5318110103,AQ Gamer 1,Standard Black,6,584.9722,3509.83
01-05-2021,A0621150307,AQ Mforce Gen Z,Premium 1,138,36.2434,5001.59
01-05-2021,A0621150308,AQ Mforce Gen Z,Premium 2,78,39.399,3073.12
01-05-2021,A5220110408,AQ BZ Gen Z,Premium Misty Green,8,533.0397,4264.32
01-05-2021,A0721150401,AQ GT 21,Standard,101,39.3377,3973.11
01-05-2021,A5219110407,AQ BZ Gen Z,Premium Black,8,545.5931,4364.74
01-05-2021,A0721150402,AQ GT 21,Plus 1,160,39.1465,6263.44
01-05-2021,A4021150403,AQ Mx NB,Plus 2,36,29.9423,1077.92
01-05-2021,A0721150403,AQ GT 21,Plus 2,103,39.299,4047.8
01-05-2021,A5219110406,AQ BZ Gen Z,Plus Red,11,550.4597,6055.06
01-05-2021,A0721150404,AQ GT 21,Premium,195,39.1215,7628.69
01-05-2021,A0821150501,AQ Marquee P3,Standard,166,40.5013,6723.22
01-05-2021,A5219110405,AQ BZ Gen Z,Plus Blue,19,521.2603,9903.95
01-05-2021,A0821150502,AQ Marquee P3,Plus 1,31,43.2966,1342.19
01-05-2021,A5219110403,AQ BZ Gen Z,Standard Red,17,525.8042,8938.67
01-05-2021,A3421150605,AQ Qwerty,Premium 1,449,29.8692,13411.27
01-05-2021,A0821150503,AQ Marquee P3,Plus 2,162,42.3841,6866.22
01-05-2021,A0821150504,AQ Marquee P3,Premium,154,44.7044,6884.48
01-05-2021,A5219110402,AQ BZ Gen Z,Standard Blue,5,490.1582,2450.79
01-05-2021,A0921150601,AQ Marquee P4,Standard,146,45.0813,6581.87
01-05-2021,A1018150101,AQ 5000 Series Electron 9 5900X Desktop Processor,Standard,41,111.1036,4555.25
01-05-2021,A5219110401,AQ BZ Gen Z,Standard Grey,17,506.9644,8618.39
01-05-2021,A1018150102,AQ 5000 Series Electron 9 5900X Desktop Processor,Plus,40,123.4797,4939.19
01-05-2021,A5119110308,AQ BZ Gen Y,Premium Misty Green,10,512.5811,5125.81
01-05-2021,A1118150201,AQ 5000 Series Electron 8 5900X Desktop Processor,Standard,125,124.264,15533
01-05-2021,A5119110307,AQ BZ Gen Y,Premium Black,20,516.458,10329.16
01-05-2021,A1118150202,AQ 5000 Series Electron 8 5900X Desktop Processor,Plus,52,129.5836,6738.35
01-05-2021,A1119150203,AQ 5000 Series Electron 8 5900X Desktop Processor,Premium,182,139.8962,25461.11
01-05-2021,A5119110306,AQ BZ Gen Y,Plus Red,21,486.4857,10216.2
01-05-2021,A3421150606,AQ Qwerty,Premium 2,597,29.6709,17713.53
01-05-2021,A1219150301,AQ 5000 Series Ultron 8 5900X Desktop Processor,Standard,129,135.6822,17503
01-05-2021,A5119110305,AQ BZ Gen Y,Plus Blue,28,483.3813,13534.68
01-05-2021,A1219150302,AQ 5000 Series Ultron 8 5900X Desktop Processor,Plus,35,145.1474,5080.16
01-05-2021,A1219150303,AQ 5000 Series Ultron 8 5900X Desktop Processor,Premium,171,142.9402,24442.77
01-05-2021,A5119110303,AQ BZ Gen Y,Standard Red,7,474.3154,3320.21
01-05-2021,A1319150401,AQ Electron 5 3600 Desktop Processor,Standard,197,149.1034,29373.37
01-05-2021,A4020150402,AQ Mx NB,Plus 1 ,84,28.45,2389.8
01-05-2021,A1320150402,AQ Electron 5 3600 Desktop Processor,Plus,53,150.245,7962.99
01-05-2021,A5119110302,AQ BZ Gen Y,Standard Blue,14,474.3132,6640.38
01-05-2021,A1320150403,AQ Electron 5 3600 Desktop Processor,Premium,22,160.6912,3535.21
01-05-2021,A5119110301,AQ BZ Gen Y,Standard Grey,22,479.0441,10538.97
01-05-2021,A1420150501,AQ Electron 4 3600 Desktop Processor,Standard,177,160.5082,28409.95
01-05-2021,A1420150502,AQ Electron 4 3600 Desktop Processor,Plus,91,169.4999,15424.49
01-05-2021,A5019110208,AQ BZ Compact,Premium Misty Green,27,467.3047,12617.23
01-05-2021,A1421150503,AQ Electron 4 3600 Desktop Processor,Premium,128,176.4389,22584.18
01-05-2021,A3521150701,AQ Trigger,Standard 1,444,29.3872,13047.92
01-05-2021,A1521150601,AQ Electron 3 3600 Desktop Processor,Standard,42,186.2917,7824.25
01-05-2021,A5018110207,AQ BZ Compact,Premium Black,12,475.1904,5702.28
01-05-2021,A1521150602,AQ Electron 3 3600 Desktop Processor,Plus,32,185.4599,5934.72
01-05-2021,A5018110206,AQ BZ Compact,Plus Red,9,475.5544,4279.99
01-05-2021,A1618150101,AQ MB Elite,Standard,38,19.6485,746.64
01-05-2021,A1618150102,AQ MB Elite,Plus 1,57,20.4629,1166.39
01-05-2021,A5018110205,AQ BZ Compact,Plus Blue,24,486.1763,11668.23
01-05-2021,A1618150103,AQ MB Elite,Plus 2,97,21.2017,2056.56
01-05-2021,A1618150104,AQ MB Elite,Premium,52,21.4489,1115.34
01-05-2021,A5018110204,AQ BZ Compact,Plus Grey,9,447.7337,4029.6
01-05-2021,A3819150203,AQ LION x2,Plus 2,85,18.4533,1568.53
01-05-2021,A1718150201,AQ MB Crossx,Standard,140,21.8879,3064.31
01-05-2021,A5018110203,AQ BZ Compact,Standard Red,13,452.142,5877.85
01-05-2021,A1718150202,AQ MB Crossx,Plus 1,17,22.8957,389.23
01-05-2021,A1718150203,AQ MB Crossx,Plus 2,39,27.3445,1066.44
01-05-2021,A5018110202,AQ BZ Compact,Standard Blue,11,462.5568,5088.12
01-05-2021,A3521150702,AQ Trigger,Standard 2,211,30.3414,6402.04
01-05-2021,A1718150204,AQ MB Crossx,Premium,59,28.3991,1675.55
01-05-2021,A1819150301,AQ MB Crossx 2,Standard,107,28.8615,3088.18
01-05-2021,A5018110201,AQ BZ Compact,Standard Grey,19,451.7049,8582.39
01-05-2021,A1819150302,AQ MB Crossx 2,Plus 1,95,31.9525,3035.49
01-05-2021,A4918110104,AQ BZ 101,Premium Misty Green,26,460.2805,11967.29
01-05-2021,A4020150401,AQ Mx NB,Standard,17,26.9302,457.81
01-05-2021,A1819150303,AQ MB Crossx 2,Plus 2,48,32.1924,1545.24
01-05-2021,A1819150304,AQ MB Crossx 2,Premium,98,32.2612,3161.6
01-05-2021,A4918110103,AQ BZ 101,Premium Black,15,428.1451,6422.18
01-05-2021,A1919150401,AQ MB Lito,Standard,68,33.7609,2295.74
01-05-2021,A4918110102,AQ BZ 101,Standard Blue,12,451.4881,5417.86
01-05-2021,A1919150403,AQ MB Lito,Plus 2,132,35.835,4730.22
01-05-2021,A4918110101,AQ BZ 101,Standard Grey,7,419.1936,2934.36
01-05-2021,A1920150404,AQ MB Lito,Premium,71,38.978,2767.44
01-05-2021,A3521150703,AQ Trigger,Plus 1,357,31.7665,11340.64
01-05-2021,A2020150501,AQ MB Lito 2,Standard,86,41.3696,3557.79
01-05-2021,A4721110705,AQ GEN Z,Plus Blue,29,377.4069,10944.8
01-05-2021,A2020150502,AQ MB Lito 2,Plus 1,64,39.3932,2521.16
01-05-2021,A2021150503,AQ MB Lito 2,Plus 2,73,45.4377,3316.95
01-05-2021,A4721110704,AQ GEN Z,Plus Grey,22,380.2153,8364.74
01-05-2021,A2118150101,AQ Master wired x1 Ms,Standard 1,982,2.9434,2890.42
01-05-2021,A4721110703,AQ GEN Z,Standard Red,13,361.6496,4701.44
01-05-2021,A2118150102,AQ Master wired x1 Ms,Standard 2,905,3.9998,3619.82
01-05-2021,A3920150305,AQ LION x3,Premium,65,27.4546,1784.55
01-05-2021,A2118150103,AQ Master wired x1 Ms,Plus 1,146,4.5295,661.31
01-05-2021,A4720110702,AQ GEN Z,Standard Blue,20,371.4027,7428.05
01-05-2021,A2118150104,AQ Master wired x1 Ms,Plus 2,514,5.0459,2593.59
01-05-2021,A2118150105,AQ Master wired x1 Ms,Premium 1,341,4.6904,1599.43
01-05-2021,A4720110701,AQ GEN Z,Standard Grey,12,367.7335,4412.8
01-05-2021,A2118150106,AQ Master wired x1 Ms,Premium 2,123,5.2542,646.27
01-05-2021,A4620110608,AQ Gen Y,Premium Misty Green,31,363.063,11254.95
01-05-2021,A3521150704,AQ Trigger,Plus 2,150,33.6246,5043.69
01-05-2021,A2218150201,AQ Master wireless x1 Ms,Standard 1,961,5.4383,5226.21
01-05-2021,A2218150202,AQ Master wireless x1 Ms,Standard 2,659,6.4054,4221.16
01-05-2021,A4620110607,AQ Gen Y,Premium Black,32,347.803,11129.7
01-05-2021,A2219150203,AQ Master wireless x1 Ms,Plus 1,861,6.7301,5794.62
01-05-2021,A4620110606,AQ Gen Y,Plus Red,15,348.5375,5228.06
01-05-2021,A2219150204,AQ Master wireless x1 Ms,Plus 2,946,7.3526,6955.56
01-05-2021,A2219150205,AQ Master wireless x1 Ms,Premium 1,381,7.9813,3040.88
01-05-2021,A4620110605,AQ Gen Y,Plus Blue,32,349.2525,11176.08
01-05-2021,A2219150206,AQ Master wireless x1 Ms,Premium 2,836,8.3193,6954.93
01-05-2021,A2319150301,AQ Gamers Ms,Standard 1,125,8.8044,1100.55
01-05-2021,A4620110604,AQ Gen Y,Plus Grey,17,353.0982,6002.67
01-05-2021,A3819150205,AQ LION x2,Premium,63,21.6066,1361.22
01-05-2021,A2319150302,AQ Gamers Ms,Standard 2,564,8.9901,5070.42
01-05-2021,A4620110603,AQ Gen Y,Standard Red,8,366.0459,2928.37
01-05-2021,A2319150303,AQ Gamers Ms,Plus 1,137,9.3977,1287.48
01-05-2021,A2319150304,AQ Gamers Ms,Plus 2,867,10.4573,9066.48
01-05-2021,A4620110602,AQ Gen Y,Standard Blue,30,346.6886,10400.66
01-05-2021,A3521150705,AQ Trigger,Premium 1,220,34.5114,7592.51
01-05-2021,A2319150305,AQ Gamers Ms,Premium 1,154,10.437,1607.3
01-05-2021,A2319150306,AQ Gamers Ms,Premium 2,892,10.8659,9692.38
01-05-2021,A5318110106,AQ Gamer 1,Plus Black,9,565.8747,5092.87
01-05-2021,A4620110601,AQ Gen Y,Standard Grey,19,347.2474,6597.7
01-05-2021,A2419150401,AQ Lite Ms,Standard 1,166,11.4829,1906.16
01-05-2021,A4520110508,AQ Gen X,Premium Misty Green,27,327.093,8831.51
01-05-2021,A2419150402,AQ Lite Ms,Standard 2,547,11.2819,6171.2
01-05-2021,A3920150304,AQ LION x3,Plus 3,21,25.0442,525.93
01-05-2021,A2419150403,AQ Lite Ms,Plus 1,647,10.8925,7047.45
01-05-2021,A4520110507,AQ Gen X,Premium Black,23,322.9426,7427.68
01-05-2021,A2419150404,AQ Lite Ms,Plus 2,678,11.6332,7887.31
01-05-2021,A2419150405,AQ Lite Ms,Premium 1,965,12.7423,12296.32
01-05-2021,A2420150406,AQ Lite Ms,Premium 2,156,12.2979,1918.47
01-05-2021,A4520110505,AQ Gen X,Plus Blue,10,325.2156,3252.16
01-05-2021,A2520150501,AQ Maxima Ms,Standard 1,549,12.0689,6625.83
01-05-2021,A3718150101,AQ LION x1,Standard,69,16.5127,1139.38
01-05-2021,A2520150502,AQ Maxima Ms,Standard 2,349,14.5267,5069.82
01-05-2021,A4520110504,AQ Gen X,Plus Grey,7,341.7343,2392.14
01-05-2021,A2520150503,AQ Maxima Ms,Plus 1,795,14.1682,11263.72
01-05-2021,A4519110503,AQ Gen X,Standard Red,19,306.9189,5831.46
01-05-2021,A2520150504,AQ Maxima Ms,Plus 2,518,14.28,7397.04
01-05-2021,A2520150505,AQ Maxima Ms,Premium 1,412,15.1762,6252.59
01-05-2021,A4519110502,AQ Gen X,Standard Blue,32,300.3378,9610.81
01-05-2021,A2520150506,AQ Maxima Ms,Premium 2,820,14.5677,11945.51
01-05-2021,A2620150601,AQ Qwerty Ms,Standard 1,584,14.9013,8702.36
01-05-2021,A4519110501,AQ Gen X,Standard Grey,13,311.8396,4053.91
01-05-2021,A2620150602,AQ Qwerty Ms,Standard 2,112,15.8102,1770.74
01-05-2021,A4419110408,AQ Elite,Premium Misty Green,9,297.0277,2673.25
01-05-2021,A2620150603,AQ Qwerty Ms,Plus 1,470,15.9792,7510.22
01-05-2021,A2620150604,AQ Qwerty Ms,Plus 2,757,16.5491,12527.67
01-05-2021,A4419110407,AQ Elite,Premium Black,30,287.4934,8624.8
01-05-2021,A3718150102,AQ LION x1,Plus 1 ,71,16.1015,1143.21
01-05-2021,A2620150605,AQ Qwerty Ms,Premium 1,501,16.5882,8310.69
01-05-2021,A2620150606,AQ Qwerty Ms,Premium 2,512,16.785,8593.92
01-05-2021,A4419110406,AQ Elite,Plus Red,27,287.5666,7764.3
01-05-2021,A2720150701,AQ Trigger Ms,Standard 1,921,17.0917,15741.46
01-05-2021,A4419110405,AQ Elite,Plus Blue,11,291.2071,3203.28
01-05-2021,A3920150303,AQ LION x3,Plus 2,13,25.467,331.07
01-05-2021,A2721150702,AQ Trigger Ms,Standard 2,632,17.2368,10893.66
01-05-2021,A2721150703,AQ Trigger Ms,Plus 1,139,16.9353,2354.01
01-05-2021,A4419110404,AQ Elite,Plus Grey,27,286.8973,7746.23
01-05-2021,A2721150704,AQ Trigger Ms,Plus 2,838,19.586,16413.07
01-05-2021,A2721150705,AQ Trigger Ms,Premium 1,599,19.4042,11623.12
01-05-2021,A1919150402,AQ MB Lito,Plus 1,37,35.0256,1295.95
01-05-2021,A4419110403,AQ Elite,Standard Red,33,288.0503,9505.66
01-05-2021,A2721150706,AQ Trigger Ms,Premium 2,730,20.0537,14639.2
01-05-2021,A4419110402,AQ Elite,Standard Blue,7,281.9504,1973.65
01-05-2021,A2821150801,AQ Lumina Ms,Standard 1,649,21.7118,14090.96
01-05-2021,A3718150103,AQ LION x1,Plus 2,54,17.5697,948.76
01-05-2021,A2918150101,AQ Master wired x1,Standard 1,864,6.8991,5960.82
01-05-2021,A4419110401,AQ Elite,Standard Grey,32,271.3471,8683.11
01-05-2021,A2918150102,AQ Master wired x1,Standard 2,662,7.5979,5029.81
01-05-2021,A2918150103,AQ Master wired x1,Plus 1,672,7.7693,5220.97
01-05-2021,A4319110306,AQ Velocity,Plus Red,11,275.8194,3034.01
01-05-2021,A2918150104,AQ Master wired x1,Plus 2,428,8.9514,3831.2
01-05-2021,A4319110305,AQ Velocity,Plus Blue,27,277.8079,7500.81
01-05-2021,A2918150105,AQ Master wired x1,Premium 1,790,9.465,7477.35
01-05-2021,A3920150302,AQ LION x3,Plus 1 ,49,23.152,1134.45
01-05-2021,A2918150106,AQ Master wired x1,Premium 2,774,10.4188,8064.15
01-05-2021,A4319110304,AQ Velocity,Plus Grey,30,267.0636,8011.91
01-05-2021,A3018150201,AQ Master wireless x1,Standard 1,773,10.7955,8344.92
01-05-2021,A4520110506,AQ Gen X,Plus Red,7,325.2561,2276.79
01-05-2021,A3018150202,AQ Master wireless x1,Standard 2,516,11.0524,5703.04
01-05-2021,A4319110303,AQ Velocity,Standard Red,30,261.2305,7836.92
01-05-2021,A3018150203,AQ Master wireless x1,Plus 1,855,12.3739,10579.68
01-05-2021,A4319110302,AQ Velocity,Standard Blue,13,267.2091,3473.72
01-05-2021,A3019150204,AQ Master wireless x1,Plus 2,806,11.6011,9350.49
01-05-2021,A3718150105,AQ LION x1,Premium,44,18.0312,793.37
01-05-2021,A3019150205,AQ Master wireless x1,Premium 1,859,12.0509,10351.72
01-05-2021,A4318110301,AQ Velocity,Standard Grey,28,264.7,7411.6
01-05-2021,A3019150206,AQ Master wireless x1,Premium 2,158,13.0018,2054.28
01-05-2021,A3119150301,AQ Gamers ,Standard 1,113,13.5061,1526.19
01-05-2021,A4218110208,AQ Digit,Premium Misty Green,26,243.0414,6319.08
01-05-2021,A3119150302,AQ Gamers ,Standard 2,377,15.3071,5770.78
01-05-2021,A4218110207,AQ Digit,Premium Black,24,249.1303,5979.13
01-05-2021,A3119150303,AQ Gamers ,Plus 1,729,16.2407,11839.47
01-05-2021,A3120150304,AQ Gamers ,Plus 2,345,16.3792,5650.82
01-05-2021,A4218110206,AQ Digit,Plus Red,28,237.0183,6636.51
01-05-2021,A3120150305,AQ Gamers ,Premium 1,315,16.3218,5141.37
01-05-2021,A3120150306,AQ Gamers ,Premium 2,708,19.3003,13664.61
01-05-2021,A4218110205,AQ Digit,Plus Blue,16,240.1403,3842.24
01-05-2021,A3220150401,AQ Lite,Standard 1,505,18.4943,9339.62
01-05-2021,A4218110204,AQ Digit,Plus Grey,18,232.1038,4177.87
01-05-2021,A3818150201,AQ LION x2,Standard,18,17.2648,310.77
01-05-2021,A3220150402,AQ Lite,Standard 2,225,18.7947,4228.81
01-05-2021,A3220150403,AQ Lite,Plus 1,204,18.5844,3791.22
01-05-2021,A4218110203,AQ Digit,Standard Red,35,236.8486,8289.7
01-05-2021,A3220150404,AQ Lite,Plus 2,586,18.4219,10795.23
01-05-2021,A3220150405,AQ Lite,Premium 1,160,18.9415,3030.64
01-05-2021,A4218110202,AQ Digit,Standard Blue,39,215.9341,8421.43
01-05-2021,A3920150301,AQ LION x3,Standard,62,22.1454,1373.01
01-05-2021,A3220150406,AQ Lite,Premium 2,153,20.0066,3061.01
01-05-2021,A4218110201,AQ Digit,Standard Grey,33,200.2732,6609.02
01-05-2021,A3320150501,AQ Maxima,Standard 1,155,20.3908,3160.57
01-05-2021,A3819150204,AQ LION x2,Plus 3,30,21.1942,635.83
01-05-2021,A3320150502,AQ Maxima,Standard 2,686,21.6988,14885.38
01-05-2021,A4118110107,AQ Aspiron,Premium Black,8,195.7721,1566.18
01-05-2021,A3320150503,AQ Maxima,Plus 1,748,20.8733,15613.23
01-05-2021,A3320150504,AQ Maxima,Plus 2,92,22.1341,2036.34
01-05-2021,A4118110106,AQ Aspiron,Plus Red,28,187.7533,5257.09
01-05-2021,A3818150202,AQ LION x2,Plus 1 ,15,17.5197,262.8
01-05-2021,A3320150505,AQ Maxima,Premium 1,482,23.0844,11126.68
01-05-2021,A4118110105,AQ Aspiron,Plus Blue,38,182.8932,6949.94
01-05-2021,A3320150506,AQ Maxima,Premium 2,313,23.7678,7439.32
01-05-2021,A5519110304,AQ Gamer 3,Plus Firey Red,16,597.7704,9564.33
01-05-2021,A5520110305,AQ Gamer 3,Plus Cool Blue,13,632.4885,8222.35
01-05-2021,A5520110306,AQ Gamer 3,Plus Black,13,639.6816,8315.86
01-05-2021,A5520110307,AQ Gamer 3,Premium Black,11,609.7926,6707.72
01-05-2021,A5520110308,AQ Gamer 3,Premium Misty Green,16,590.1159,9441.85
01-05-2021,A5620110401,AQ Smash 1,Standard Firey Red,4,642.0698,2568.28
01-05-2021,A5620110402,AQ Smash 1,Standard Cool Blue,4,593.8297,2375.32
01-05-2021,A5621110403,AQ Smash 1,Standard Black,14,631.1855,8836.6
01-05-2021,A5621110404,AQ Smash 1,Plus Firey Red,4,639.9614,2559.85
01-05-2021,A5621110405,AQ Smash 1,Plus Cool Blue,12,601.8173,7221.81
01-05-2021,A5621110406,AQ Smash 1,Plus Black,7,644.3777,4510.64
01-05-2021,A5621110407,AQ Smash 1,Premium Black,7,655.7782,4590.45
01-05-2021,A5621110408,AQ Smash 1,Premium Misty Green,9,657.2525,5915.27
01-05-2021,A5721110501,AQ Smash 2,Standard Firey Red,3,649.6929,1949.08
01-05-2021,A5721110502,AQ Smash 2,Standard Cool Blue,6,627.9938,3767.96
01-05-2021,A5721110503,AQ Smash 2,Standard Black,3,678.3035,2034.91
01-05-2021,A5721110504,AQ Smash 2,Plus Firey Red,9,655.8348,5902.51
01-05-2021,A5721110505,AQ Smash 2,Plus Cool Blue,17,674.4272,11465.26
01-05-2021,A5721110506,AQ Smash 2,Plus Black,10,720.546,7205.46
01-05-2021,A5820110101,AQ BZ Allin1,Standard 1,22,681.3022,14988.65
01-05-2021,A5820110102,AQ BZ Allin1,Standard 2,28,697.5541,19531.51
01-05-2021,A5820110103,AQ BZ Allin1,Standard 3,10,735.1465,7351.47
01-05-2021,A5820110104,AQ BZ Allin1,Plus 1,22,690.4971,15190.94
01-05-2021,A5820110105,AQ BZ Allin1,Plus 2,13,709.3926,9222.1
01-05-2021,A5820110106,AQ BZ Allin1,Plus 3,8,692.5242,5540.19
01-05-2021,A5820110107,AQ BZ Allin1,Premium 1,17,737.6775,12540.52
01-05-2021,A5821110108,AQ BZ Allin1,Premium 2,19,746.7388,14188.04
01-05-2021,A6018110101,AQ Home Allin1,Standard 1,4,800.4577,3201.83
01-05-2021,A6018110102,AQ Home Allin1,Standard 2,5,764.0542,3820.27
01-05-2021,A6018110103,AQ Home Allin1,Standard 3,2,770.9789,1541.96
01-05-2021,A6018110104,AQ Home Allin1,Plus 1,3,749.0987,2247.3
01-05-2021,A6018110105,AQ Home Allin1,Plus 2,3,766.6472,2299.94
01-05-2021,A6018110106,AQ Home Allin1,Plus 3,2,787.5874,1575.17
01-05-2021,A6019110107,AQ Home Allin1,Premium 1,2,785.9918,1571.98
01-05-2021,A6019110108,AQ Home Allin1,Premium 2,2,796.6606,1593.32
01-05-2021,A6119110201,AQ HOME Allin1 Gen 2,Standard 1,4,824.0889,3296.36
01-05-2021,A6119110202,AQ HOME Allin1 Gen 2,Standard 2,3,790.104,2370.31
01-05-2021,A6119110203,AQ HOME Allin1 Gen 2,Standard 3,3,769.5635,2308.69
01-05-2021,A6119110204,AQ HOME Allin1 Gen 2,Plus 1,2,807.2638,1614.53
01-05-2021,A6120110205,AQ HOME Allin1 Gen 2,Plus 2,3,834.9812,2504.94
01-05-2021,A6120110206,AQ HOME Allin1 Gen 2,Plus 3,6,810.6034,4863.62
01-05-2021,A6218160101,AQ Digit SSD,Standard,599,13.5941,8142.87
01-05-2021,A6218160102,AQ Digit SSD,Plus,1023,15.2481,15598.81
01-05-2021,A6219160103,AQ Digit SSD,Premium,489,16.3003,7970.85
01-05-2021,A6319160201,AQ Neuer SSD,Standard,389,17.359,6752.65
01-05-2021,A6319160202,AQ Neuer SSD,Plus,235,18.5733,4364.73
01-05-2021,A6319160203,AQ Neuer SSD,Premium,137,19.3433,2650.03
01-05-2021,A6419160301,AQ Clx1,Standard,483,17.8043,8599.48
01-05-2021,A6419160302,AQ Clx1,Plus,198,19.6723,3895.12
01-05-2021,A6419160303,AQ Clx1,Premium,936,19.3342,18096.81
01-05-2021,A6519160401,AQ Clx2,Standard,453,20.2889,9190.87
01-05-2021,A6520160402,AQ Clx2,Plus,171,20.165,3448.22
01-05-2021,A6520160403,AQ Clx2,Premium,551,21.283,11726.93
01-05-2021,A6620160501,AQ Clx3,Standard,593,22.853,13551.83
01-05-2021,A6720160103,AQ Pen Drive 2 IN 1,Premium,1735,4.4411,7705.31
01-05-2021,A6818160201,AQ Pen Drive DRC,Standard,563,2.999,1688.44
01-05-2021,A6818160202,AQ Pen Drive DRC,Plus,472,3.8531,1818.66
01-05-2021,A6819160203,AQ Pen Drive DRC,Premium,556,5.0984,2834.71
01-05-2021,A7118160101,AQ Wi Power Dx1,Standard,269,29.6712,7981.55
01-05-2021,A7119160102,AQ Wi Power Dx1,Plus,701,29.9264,20978.41
01-05-2021,A7119160103,AQ Wi Power Dx1,Premium,337,28.7736,9696.7
01-05-2021,A7219160201,AQ Wi Power Dx2,Standard,199,32.9575,6558.54
01-05-2021,A7220160202,AQ Wi Power Dx2,Plus,481,35.2053,16933.75
